Workbook

Sheet README
B2: Bond Portfolio Convexity Sensitivity — Excel / Power BI Model
B5: This workbook accompanies the Python/R analytics engine and ML models.
B7: Sheets:
B8: Bond_Data Raw 300-bond portfolio (source of truth for all formulas)
B9: Portfolio_Summary Live KPIs (duration, convexity, DV01, YTM) + shift sensitivity table & chart
B10: Bucket_Exposure Key-rate bucket duration/convexity contribution (SUMIFS/SUMPRODUCT)
B11: Sector_Exposure Sector concentration and risk profile
B12: Scenario_Data 1,000 Monte Carlo yield-curve scenarios (raw)
B13: VaR_Analysis VaR / CVaR at 90/95/99% + distribution statistics (all live formulas)
B14: PowerBI_DAX_Measures DAX code to paste into a Power BI model built on the same tables
B16: Color coding: Blue = input/selectable cell, Black = formula, Green = cross-sheet link.
B17: All KPI and risk figures recalculate automatically if Bond_Data or Scenario_Data change.

Sheet Bond_Data
A1: BondID | B1: ISIN | C1: Issuer | D1: Sector | E1: CreditRating | F1: Currency | G1: FaceValue | H1: CouponRate | I1: CouponFrequency | J1: BondType | K1: IssueDate | L1: MaturityDate | M1: ValuationDate | N1: YearsToMaturity | O1: OriginalMaturityYears | P1: YieldToMaturity | Q1: CleanPrice | R1: AccruedInterest | S1: DirtyPrice | T1: MacaulayDuration | U1: ModifiedDuration | V1: Convexity | W1: DV01_Per100Face | X1: EffectiveDuration | Y1: EffectiveConvexity | Z1: SpreadOverBenchmark_bps | AA1: OAS_bps | AB1: ZSpread_bps | AC1: KeyRateBucket | AD1: Quantity | AE1: MarketValue_LocalCcy | AF1: MarketValue_INR | AG1: PortfolioWeight | AH1: IsCallable | AI1: CallDate | AJ1: IsPutable | AK1: IsFloatingRate | AL1: BenchmarkIndex | AM1: PriceChange_Up50bps | AN1: PriceChange_Dn50bps | AO1: PriceChange_Up100bps | AP1: PriceChange_Dn100bps | AQ1: PriceChange_Up200bps | AR1: PriceChange_Dn200bps
A2: ZTFI-0001 | B2: IN1043321819 | C2: Government of India | D2: Government | E2: SOV | F2: INR | G2: 100 | H2: 0.062 | I2: 2 | J2: Fixed | K2: 2024-02-24 | L2: 2027-02-23 | M2: 2024-10-31 | N2: 2.3135 | O2: 3 | P2: 0.0674 | Q2: 99.0052 | R2: 0.0411 | S2: 99.3134 | T2: 1.9111 | U2: 1.8488 | V2: 4.4027 | W2: 0.0183 | X2: 1.8488 | Y2: 4.4027 | Z2: 0 | AA2: 0 | AB2: 8 | AC2: 2-3Y | AD2: 100000 | AE2: 99005.2 | AF2: 99005.2 | AG2: 0.003088 | AH2: =FALSE() -> FALSE | AJ2: =FALSE() -> FALSE | AK2: =FALSE() -> FALSE | AL2: IN10YT | AM2: 0.9207 | AN2: -0.9098 | AO2: 1.8522 | AP2: -1.8086 | AQ2: 3.748 | AR2: -3.5736
A3: ZTFI-0002 | B3: IN7940265423 | C3: Government of India | D3: Government | E3: SOV | F3: INR | G3: 100 | H3: 0.0773 | I3: 2 | J3: Fixed | K3: 2022-11-08 | L3: 2045-11-02 | M3: 2024-10-31 | N3: 21.0048 | O3: 23 | P3: 0.069 | Q3: 109.1347 | R3: 1.6378 | S3: 110.3014 | T3: 11.1303 | U3: 10.7591 | V3: 170.9441 | W3: 0.1174 | X3: 10.7591 | Y3: 170.9441 | Z3: 0 | AA3: 0 | AB3: -4 | AC3: 20Y+ | AD3: 20000 | AE3: 21826.94 | AF3: 21826.94 | AG3: 0.000681 | AH3: =FALSE() -> FALSE | AJ3: =FALSE() -> FALSE | AK3: =FALSE() -> FALSE | AL3: IN10YT | AM3: 6.1042 | AN3: -5.6378 | AO3: 12.6747 | AP3: -10.8091 | AQ3: 27.215 | AR3: -19.7526
A4: ZTFI-0003 | B4: IN7816184959 | C4: Government of India | D4: Government | E4: SOV | F4: INR | G4: 100 | H4: 0.0555 | I4: 2 | J4: Fixed | K4: 2024-02-08 | L4: 2030-02-06 | M4: 2024-10-31 | N4: 5.2676 | O4: 6 | P4: 0.0674 | Q4: 95.019 | R4: 1.367 | S4: 96.2058 | T4: 4.4165 | U4: 4.2725 | V4: 21.7752 | W4: 0.0406 | X4: 4.2725 | Y4: 21.7752 | Z4: 0 | AA4: 0 | AB4: -2 | AC4: 5-7Y | AD4: 20000 | AE4: 19003.8 | AF4: 19003.8 | AG4: 0.000593 | AH4: =FALSE() -> FALSE | AJ4: =FALSE() -> FALSE | AK4: =FALSE() -> FALSE | AL4: IN10YT | AM4: 2.0557 | AN4: -2.004 | AO4: 4.1631 | AP4: -3.9562 | AQ4: 8.5332 | AR4: -7.7056
A5: ZTFI-0004 | B5: IN4752553419 | C5: Government of India | D5: Government | E5: SOV | F5: INR | G5: 100 | H5: 0.0681 | I5: 2 | J5: Fixed | K5: 2013-10-08 | L5: 2049-09-29 | M5: 2024-10-31 | N5: 24.9117 | O5: 36 | P5: 0.0667 | Q5: 101.6783 | R5: 0.4596 | S5: 103.2538 | T5: 12.3379 | U5: 11.9397 | V5: 215.5283 | W5: 0.1214 | X5: 11.9397 | Y5: 215.5283 | Z5: 0 | AA5: 0 | AB5: 2 | AC5: 20Y+ | AD5: 50000 | AE5: 50839.15 | AF5: 50839.15 | AG5: 0.001586 | AH5: =FALSE() -> FALSE | AJ5: =FALSE() -> FALSE | AK5: =FALSE() -> FALSE | AL5: IN10YT | AM5: 6.344 | AN5: -5.7961 | AO5: 13.2358 | AP5: -11.0444 | AQ5: 28.6631 | AR5: -19.8973
A6: ZTFI-0005 | B6: IN5030564139 | C6: Government of India | D6: Government | E6: SOV | F6: INR | G6: 100 | H6: 0.075 | I6: 2 | J6: Fixed | K6: 2021-04-03 | L6: 2043-03-29 | M6: 2024-10-31 | N6: 18.4066 | O6: 22 | P6: 0.0702 | Q6: 104.8627 | R6: 0.8603 | S6: 105.3594 | T6: 10.3448 | U6: 9.994 | V6: 142.4173 | W6: 0.1048 | X6: 9.994 | Y6: 142.4173 | Z6: 0 | AA6: 0 | AB6: 2 | AC6: 15-20Y | AD6: 200000 | AE6: 209725.4 | AF6: 209725.4 | AG6: 0.006542 | AH6: =FALSE() -> FALSE | AJ6: =FALSE() -> FALSE | AK6: =FALSE() -> FALSE | AL6: IN10YT | AM6: 5.4267 | AN6: -5.0533 | AO6: 11.2267 | AP6: -9.7333 | AQ6: 23.9468 | AR6: -17.9731
A7: ZTFI-0006 | B7: IN8849696532 | C7: Government of India | D7: Government | E7: SOV | F7: INR | G7: 100 | H7: 0.0645 | I7: 2 | J7: Fixed | K7: 2019-10-21 | L7: 2026-10-19 | M7: 2024-10-31 | N7: 1.9658 | O7: 7 | P7: 0.074 | Q7: 98.6743 | R7: 1.0118 | S7: 99.9515 | T7: 1.4533 | U7: 1.4014 | V7: 2.6741 | W7: 0.0138 | X7: 1.4014 | Y7: 2.6741 | Z7: 0 | AA7: 0 | AB7: 8 | AC7: 1-2Y | AD7: 10000 | AE7: 9867.43 | AF7: 9867.43 | AG7: 0.000308 | AH7: =FALSE() -> FALSE | AJ7: =FALSE() -> FALSE | AK7: =FALSE() -> FALSE | AL7: IN10YT | AM7: 0.6947 | AN7: -0.6881 | AO7: 1.396 | AP7: -1.3696 | AQ7: 2.8184 | AR7: -2.7129
A8: ZTFI-0007 | B8: IN1669784801 | C8: Government of India | D8: Government | E8: SOV | F8: INR | G8: 100 | H8: 0.0694 | I8: 2 | J8: Fixed | K8: 2013-06-15 | L8: 2049-06-06 | M8: 2024-10-31 | N8: 24.5969 | O8: 36 | P8: 0.0731 | Q8: 95.8101 | R8: 0.1935 | S8: 96.5644 | T8: 11.854 | U8: 11.436 | V8: 201.833 | W8: 0.1096 | X8: 11.436 | Y8: 201.833 | Z8: 0 | AA8: 0 | AB8: 9 | AC8: 20Y+ | AD8: 20000 | AE8: 19162.02 | AF8: 19162.02 | AG8: 0.000598 | AH8: =FALSE() -> FALSE | AJ8: =FALSE() -> FALSE | AK8: =FALSE() -> FALSE | AL8: IN10YT | AM8: 5.7201 | AN8: -5.2367 | AO8: 11.9237 | AP8: -9.99 | AQ8: 25.7812 | AR8: -18.0462
A9: ZTFI-0008 | B9: IN4828148932 | C9: Government of India | D9: Government | E9: SOV | F9: INR | G9: 100 | H9: 0.0607 | I9: 2 | J9: Fixed | K9: 2018-05-28 | L9: 2030-05-25 | M9: 2024-10-31 | N9: 5.5633 | O9: 12 | P9: 0.0732 | Q9: 94.4229 | R9: 1.3938 | S9: 95.3318 | T9: 4.7315 | U9: 4.5644 | V9: 25.0647 | W9: 0.0431 | X9: 4.5644 | Y9: 25.0647 | Z9: 0 | AA9: 0 | AB9: 10 | AC9: 5-7Y | AD9: 100000 | AE9: 94422.9 | AF9: 94422.9 | AG9: 0.002945 | AH9: =FALSE() -> FALSE | AJ9: =FALSE() -> FALSE | AK9: =FALSE() -> FALSE | AL9: IN10YT | AM9: 2.1845 | AN9: -2.1253 | AO9: 4.4282 | AP9: -4.1915 | AQ9: 9.093 | AR9: -8.1463
A10: ZTFI-0009 | B10: IN1543039117 | C10: Government of India | D10: Government | E10: SOV | F10: INR | G10: 100 | H10: 0.0733 | I10: 2 | J10: Fixed | K10: 2013-03-28 | L10: 2049-03-19 | M10: 2024-10-31 | N10: 24.3806 | O10: 36 | P10: 0.0663 | Q10: 108.3514 | R10: 1.7351 | S10: 108.654 | T10: 12.0883 | U10: 11.7004 | V10: 206.5622 | W10: 0.1268 | X10: 11.7004 | Y10: 206.5622 | Z10: 0 | AA10: 0 | AB10: 8 | AC10: 20Y+ | AD10: 50000 | AE10: 54175.7 | AF10: 54175.7 | AG10: 0.00169 | AH10: =FALSE() -> FALSE | AJ10: =FALSE() -> FALSE | AK10: =FALSE() -> FALSE | AL10: IN10YT | AM10: 6.6185 | AN10: -6.059 | AO10: 13.7966 | AP10: -11.5585 | AQ10: 29.8314 | AR10: -20.8788
A11: ZTFI-0010 | B11: IN8346578713 | C11: Government of India | D11: Government | E11: SOV | F11: INR | G11: 100 | H11: 0.0564 | I11: 2 | J11: Fixed | K11: 2024-01-12 | L11: 2047-01-06 | M11: 2024-10-31 | N11: 22.1821 | O11: 23 | P11: 0.0708 | Q11: 84.0622 | R11: 0.3105 | S11: 84.1623 | T11: 12.0116 | U11: 11.6009 | V11: 197.3753 | W11: 0.0975 | X11: 11.6009 | Y11: 197.3753 | Z11: 0 | AA11: 0 | AB11: -4 | AC11: 20Y+ | AD11: 100000 | AE11: 84062.2 | AF11: 84062.2 | AG11: 0.002622 | AH11: =FALSE() -> FALSE | AJ11: =FALSE() -> FALSE | AK11: =FALSE() -> FALSE | AL11: IN10YT | AM11: 5.0834 | AN11: -4.6686 | AO11: 10.5816 | AP11: -8.9224 | AQ11: 22.8223 | AR11: -16.1856
A12: ZTFI-0011 | B12: IN1051834738 | C12: Government of India | D12: Government | E12: SOV | F12: INR | G12: 100 | H12: 0.0538 | I12: 2 | J12: Fixed | K12: 2015-12-26 | L12: 2053-12-16 | M12: 2024-10-31 | N12: 29.1253 | O12: 38 | P12: 0.0676 | Q12: 82.5548 | R12: 1.0861 | S12: 82.8109 | T12: 13.6417 | U12: 13.1957 | V12: 272.9803 | W12: 0.1089 | X12: 13.1957 | Y12: 272.9803 | Z12: 0 | AA12: 0 | AB12: -2 | AC12: 20Y+ | AD12: 50000 | AE12: 41277.4 | AF12: 41277.4 | AG12: 0.001288 | AH12: =FALSE() -> FALSE | AJ12: =FALSE() -> FALSE | AK12: =FALSE() -> FALSE | AL12: IN10YT | AM12: 5.7285 | AN12: -5.1651 | AO12: 12.0205 | AP12: -9.7669 | AQ12: 26.2945 | AR12: -17.2802
A13: ZTFI-0012 | B13: IN6566701065 | C13: Government of India | D13: Government | E13: SOV | F13: INR | G13: 100 | H13: 0.0728 | I13: 2 | J13: Fixed | K13: 2022-08-06 | L13: 2030-08-04 | M13: 2024-10-31 | N13: 5.7577 | O13: 8 | P13: 0.067 | Q13: 102.632 | R13: 0.2551 | S13: 102.9659 | T13: 4.6424 | U13: 4.4919 | V13: 24.5493 | W13: 0.0461 | X13: 4.4919 | Y13: 24.5493 | Z13: 0 | AA13: 0 | AB13: 9 | AC13: 5-7Y | AD13: 50000 | AE13: 51316 | AF13: 51316 | AG13: 0.001601 | AH13: =FALSE() -> FALSE | AJ13: =FALSE() -> FALSE | AK13: =FALSE() -> FALSE | AL13: IN10YT | AM13: 2.3366 | AN13: -2.2736 | AO13: 4.7361 | AP13: -4.4841 | AQ13: 9.7242 | AR13: -8.7163
... A117: ZTFI-0116 | B117: IN7833918785 | C117: IRFC | D117: Infrastructure | E117: AAA | F117: INR | G117: 100 | H117: 0.0716 | I117: 2 | J117: Fixed | K117: 2024-03-18 | L117: 2027-03-18 | M117: 2024-10-31 | N117: 2.3765 | O117: 3 | P117: 0.0821 | Q117: 98.099 | R117: 0.2682 | S117: 98.6863 | T117: 1.8976 | U117: 1.8228 | V117: 4.2995 | W117: 0.0179 | X117: 1.8228 | Y117: 4.2995 | Z117: 32 | AA117: 32 | AB117: 41 | AC117: 2-3Y | AD117: 100000 | AE117: 98099 | AF117: 98099 | AG117: 0.00306 | AH117: =FALSE() -> FALSE | AJ117: =FALSE() -> FALSE | AK117: =FALSE() -> FALSE | AL117: IN10YT | AM117: 0.8993 | AN117: -0.8888 | AO117: 1.8092 | AP117: -1.7671 | AQ117: 3.6607 | AR117: -3.4919
A118: ZTFI-0117 | B118: IN3971870728 | C118: HDFC Bank | D118: Infrastructure | E118: AAA | F118: INR | G118: 100 | H118: 0.0783 | I118: 2 | J118: Fixed | K118: 2023-10-11 | L118: 2025-10-10 | M118: 2024-10-31 | N118: 0.9418 | O118: 2 | P118: 0.0837 | Q118: 99.7408 | R118: 1.5982 | S118: 101.2007 | T118: 0.5 | U118: 0.4799 | V118: 0.4606 | W118: 0.0048 | X118: 0.4837 | Y118: 0.3946 | Z118: 66 | AA118: 48 | AB118: 72 | AC118: 0-1Y | AD118: 20000 | AE118: 19948.16 | AF118: 19948.16 | AG118: 0.000622 | AH118: =TRUE() -> TRUE | AI118: 2025-04-20 | AJ118: =FALSE() -> FALSE | AK118: =FALSE() -> FALSE | AL118: IN10YT | AM118: 0.2399 | AN118: -0.2388 | AO118: 0.481 | AP118: -0.4764 | AQ118: 0.9665 | AR118: -0.9481
A119: ZTFI-0118 | B119: IN8017046226 | C119: IRFC | D119: Banking | E119: AAA | F119: INR | G119: 100 | H119: 0.0775 | I119: 2 | J119: Fixed | K119: 2021-03-13 | L119: 2029-03-11 | M119: 2024-10-31 | N119: 4.3587 | O119: 8 | P119: 0.0869 | Q119: 96.8802 | R119: 0.2577 | S119: 98.547 | T119: 3.5058 | U119: 3.3598 | V119: 13.837 | W119: 0.0325 | X119: 3.2317 | Y119: 13.8222 | Z119: 44 | AA119: 17 | AB119: 51 | AC119: 3-5Y | AD119: 50000 | AE119: 48440.1 | AF119: 48440.1 | AG119: 0.001511 | AH119: =TRUE() -> TRUE | AI119: 2027-01-04 | AJ119: =FALSE() -> FALSE | AK119: =FALSE() -> FALSE | AL119: IN10YT | AM119: 1.6442 | AN119: -1.6107 | AO119: 3.322 | AP119: -3.188 | AQ119: 6.7781 | AR119: -6.2419
A120: ZTFI-0119 | B120: IN3004786863 | C120: NABARD | D120: Banking | E120: AAA | F120: INR | G120: 100 | H120: 0.075 | I120: 2 | J120: Fixed | K120: 2023-05-28 | L120: 2030-05-26 | M120: 2024-10-31 | N120: 5.5661 | O120: 7 | P120: 0.0775 | Q120: 98.8975 | R120: 1.153 | S120: 100.6529 | T120: 4.6005 | U120: 4.4289 | V120: 24.0074 | W120: 0.0438 | X120: 4.6012 | Y120: 21.273 | Z120: 68 | AA120: 45 | AB120: 65 | AC120: 5-7Y | AD120: 200000 | AE120: 197795 | AF120: 197795 | AG120: 0.00617 | AH120: =TRUE() -> TRUE | AI120: 2027-08-12 | AJ120: =FALSE() -> FALSE | AK120: =FALSE() -> FALSE | AL120: IN10YT | AM120: 2.2197 | AN120: -2.1604 | AO120: 4.4988 | AP120: -4.2614 | AQ120: 9.235 | AR120: -8.2853
A121: ZTFI-0120 | B121: IN0790306738 | C121: HDFC Bank | D121: Infrastructure | E121: AAA | F121: INR | G121: 100 | H121: 0.0743 | I121: 2 | J121: Fixed | K121: 2024-03-12 | L121: 2026-03-12 | M121: 2024-10-31 | N121: 1.3607 | O121: 2 | P121: 0.0879 | Q121: 98.7247 | R121: 1.0701 | S121: 99.7974 | T121: 0.982 | U121: 0.9407 | V121: 1.3433 | W121: 0.0093 | X121: 0.9407 | Y121: 1.3433 | Z121: 72 | AA121: 72 | AB121: 77 | AC121: 1-2Y | AD121: 10000 | AE121: 9872.47 | AF121: 9872.47 | AG121: 0.000308 | AH121: =FALSE() -> FALSE | AJ121: =FALSE() -> FALSE | AK121: =FALSE() -> FALSE | AL121: IN10YT | AM121: 0.466 | AN121: -0.4627 | AO121: 0.9353 | AP121: -0.9221 | AQ121: 1.8839 | AR121: -1.8309
A122: ZTFI-0121 | B122: IN2836440892 | C122: TCS | D122: NBFC | E122: AAA | F122: INR | G122: 100 | H122: 0.0825 | I122: 2 | J122: Fixed | K122: 2020-06-12 | L122: 2028-06-10 | M122: 2024-10-31 | N122: 3.6085 | O122: 8 | P122: 0.0756 | Q122: 102.0876 | R122: 0.7861 | S122: 103.1693 | T122: 3.1151 | U122: 3.0016 | V122: 11.1073 | W122: 0.0306 | X122: 3.0016 | Y122: 11.1073 | Z122: 80 | AA122: 80 | AB122: 88 | AC122: 3-5Y | AD122: 20000 | AE122: 20417.52 | AF122: 20417.52 | AG122: 0.000637 | AH122: =FALSE() -> FALSE | AJ122: =FALSE() -> FALSE | AK122: =FALSE() -> FALSE | AL122: IN10YT | AM122: 1.5463 | AN122: -1.518 | AO122: 3.121 | AP122: -3.0076 | AQ122: 6.3553 | AR122: -5.9017
A123: ZTFI-0122 | B123: IN4628733427 | C123: Bajaj Finance | D123: Banking | E123: AAA | F123: INR | G123: 100 | H123: 0.0883 | I123: 2 | J123: Fixed | K123: 2020-08-15 | L123: 2030-08-13 | M123: 2024-10-31 | N123: 5.7823 | O123: 10 | P123: 0.0804 | Q123: 103.4567 | R123: 0.5629 | S123: 104.1858 | T123: 4.493 | U123: 4.3194 | V123: 23.1603 | W123: 0.0447 | X123: 4.3194 | Y123: 23.1603 | Z123: 28 | AA123: 28 | AB123: 25 | AC123: 5-7Y | AD123: 100000 | AE123: 103456.7 | AF123: 103456.7 | AG123: 0.003227 | AH123: =FALSE() -> FALSE | AJ123: =FALSE() -> FALSE | AK123: =FALSE() -> FALSE | AL123: IN10YT | AM123: 2.2643 | AN123: -2.2044 | AO123: 4.5885 | AP123: -4.3489 | AQ123: 9.4166 | AR123: -8.4582
A124: ZTFI-0123 | B124: IN1830469901 | C124: LIC Housing | D124: NBFC | E124: AAA | F124: INR | G124: 100 | H124: 0.0738 | I124: 2 | J124: Fixed | K124: 2022-05-20 | L124: 2032-05-17 | M124: 2024-10-31 | N124: 7.5428 | O124: 10 | P124: 0.0777 | Q124: 97.8144 | R124: 0.0283 | S124: 99.5435 | T124: 5.8705 | U124: 5.651 | V124: 39.8104 | W124: 0.0553 | X124: 5.651 | Y124: 39.8104 | Z124: 39 | AA124: 39 | AB124: 37 | AC124: 7-10Y | AD124: 20000 | AE124: 19562.88 | AF124: 19562.88 | AG124: 0.00061 | AH124: =FALSE() -> FALSE | AJ124: =FALSE() -> FALSE | AK124: =FALSE() -> FALSE | AL124: IN10YT | AM124: 2.8124 | AN124: -2.7151 | AO124: 5.7222 | AP124: -5.3328 | AQ124: 11.8338 | AR124: -10.2762
A125: ZTFI-0124 | B125: IN3936385467 | C125: IRFC | D125: NBFC | E125: AAA | F125: INR | G125: 100 | H125: 0.0807 | I125: 2 | J125: Fixed | K125: 2022-06-27 | L125: 2029-06-25 | M125: 2024-10-31 | N125: 4.6489 | O125: 7 | P125: 0.0797 | Q125: 100.372 | R125: 1.5366 | S125: 101.0181 | T125: 3.8629 | U125: 3.7149 | V125: 16.9243 | W125: 0.0373 | X125: 3.6046 | Y125: 15.1801 | Z125: 49 | AA125: 24 | AB125: 45 | AC125: 3-5Y | AD125: 50000 | AE125: 50186 | AF125: 50186 | AG125: 0.001565 | AH125: =TRUE() -> TRUE | AI125: 2027-02-26 | AJ125: =FALSE() -> FALSE | AK125: =FALSE() -> FALSE | AL125: IN10YT | AM125: 1.8856 | AN125: -1.8431 | AO125: 3.8137 | AP125: -3.6438 | AQ125: 7.7972 | AR125: -7.1177
A126: ZTFI-0125 | B126: IN2048996423 | C126: Power Finance Corp | D126: Banking | E126: AAA | F126: INR | G126: 100 | H126: 0.0766 | I126: 2 | J126: Fixed | K126: 2020-05-07 | L126: 2028-05-05 | M126: 2024-10-31 | N126: 3.5099 | O126: 8 | P126: 0.0782 | Q126: 99.5182 | R126: 0.6464 | S126: 100.98 | T126: 3.1346 | U126: 3.0166 | V126: 11.1755 | W126: 0.03 | X126: 3.0166 | Y126: 11.1755 | Z126: 61 | AA126: 61 | AB126: 71 | AC126: 3-5Y | AD126: 100000 | AE126: 99518.2 | AF126: 99518.2 | AG126: 0.003104 | AH126: =FALSE() -> FALSE | AJ126: =FALSE() -> FALSE | AK126: =FALSE() -> FALSE | AL126: IN10YT | AM126: 1.5149 | AN126: -1.4871 | AO126: 3.0577 | AP126: -2.9465 | AQ126: 6.2266 | AR126: -5.7817
A127: ZTFI-0126 | B127: IN7725228728 | C127: IRFC | D127: Infrastructure | E127: AAA | F127: INR | G127: 100 | H127: 0.0898 | I127: 2 | J127: Fixed | K127: 2023-10-24 | L127: 2025-10-23 | M127: 2024-10-31 | N127: 0.9774 | O127: 2 | P127: 0.0859 | Q127: 100.187 | R127: 0.1089 | S127: 100.2013 | T127: 0.5 | U127: 0.4794 | V127: 0.4597 | W127: 0.0048 | X127: 0.4794 | Y127: 0.4597 | Z127: 80 | AA127: 80 | AB127: 79 | AC127: 0-1Y | AD127: 5000 | AE127: 5009.35 | AF127: 5009.35 | AG127: 0.000156 | AH127: =FALSE() -> FALSE | AJ127: =FALSE() -> FALSE | AK127: =FALSE() -> FALSE | AL127: IN10YT | AM127: 0.2407 | AN127: -0.2396 | AO127: 0.4826 | AP127: -0.478 | AQ127: 0.9698 | AR127: -0.9514
A128: ZTFI-0127 | B128: IN1203875099 | C128: REC Ltd | D128: Banking | E128: AAA | F128: INR | G128: 100 | H128: 0.0883 | I128: 2 | J128: Fixed | K128: 2024-03-17 | L128: 2033-03-15 | M128: 2024-10-31 | N128: 8.3696 | O128: 9 | P128: 0.0819 | Q128: 103.7027 | R128: 1.1826 | S128: 104.3356 | T128: 5.944 | U128: 5.7102 | V128: 41.7331 | W128: 0.0592 | X128: 5.7115 | Y128: 39.8417 | Z128: 20 | AA128: 2 | AB128: 28 | AC128: 7-10Y | AD128: 50000 | AE128: 51851.35 | AF128: 51851.35 | AG128: 0.001617 | AH128: =TRUE() -> TRUE | AI128: 2029-01-05 | AJ128: =FALSE() -> FALSE | AK128: =FALSE() -> FALSE | AL128: IN10YT | AM128: 3.0149 | AN128: -2.9067 | AO128: 6.138 | AP128: -5.7052 | AQ128: 12.7088 | AR128: -10.9777
A129: ZTFI-0128 | B129: IN1182339845 | C129: NHAI | D129: Banking | E129: AAA | F129: INR | G129: 100 | H129: 0.0753 | I129: 2 | J129: Fixed | K129: 2023-10-13 | L129: 2031-10-11 | M129: 2024-10-31 | N129: 6.9432 | O129: 8 | P129: 0.0875 | Q129: 94.0481 | R129: 1.3125 | S129: 94.6128 | T129: 5.2117 | U129: 4.9932 | V129: 30.9369 | W129: 0.047 | X129: 4.9932 | Y129: 30.9369 | Z129: 56 | AA129: 56 | AB129: 53 | AC129: 5-7Y | AD129: 50000 | AE129: 47024.05 | AF129: 47024.05 | AG129: 0.001467 | AH129: =FALSE() -> FALSE | AJ129: =FALSE() -> FALSE | AK129: =FALSE() -> FALSE | AL129: IN10YT | AM129: 2.3844 | AN129: -2.3116 | AO129: 4.8415 | AP129: -4.5505 | AQ129: 9.9739 | AR129: -8.8101
A130: ZTFI-0129 | B130: IN0166687002 | C130: REC Ltd | D130: Infrastructure | E130: AAA | F130: INR | G130: 100 | H130: 0.0717 | I130: 2 | J130: Fixed | K130: 2019-10-28 | L130: 2027-10-26 | M130: 2024-10-31 | N130: 2.9843 | O130: 8 | P130: 0.0793 | Q130: 98.3066 | R130: 1.6476 | S130: 98.7185 | T130: 2.3312 | U130: 2.2423 | V130: 6.3171 | W130: 0.022 | X130: 2.2423 | Y130: 6.3171 | Z130: 26 | AA130: 26 | AB130: 36 | AC130: 2-3Y | AD130: 500000 | AE130: 491533 | AF130: 491533 | AG130: 0.015332 | AH130: =FALSE() -> FALSE | AJ130: =FALSE() -> FALSE | AK130: =FALSE() -> FALSE | AL130: IN10YT | AM130: 1.1099 | AN130: -1.0944 | AO130: 2.2354 | AP130: -2.1733 | AQ130: 4.5329 | AR130: -4.2845
A131: ZTFI-0130 | B131: IN1489025039 | C131: Infosys | D131: Banking | E131: AAA | F131: INR | G131: 100 | H131: 0.0729 | I131: 2 | J131: Fixed | K131: 2017-11-02 | L131: 2025-10-31 | M131: 2024-10-31 | N131: 0.9993 | O131: 8 | P131: 0.0789 | Q131: 99.7114 | R131: 1.5481 | S131: 100.9453 | T131: 0.5 | U131: 0.481 | V131: 0.4628 | W131: 0.0048 | X131: 0.481 | Y131: 0.4628 | Z131: 35 | AA131: 35 | AB131: 40 | AC131: 0-1Y | AD131: 100000 | AE131: 99711.4 | AF131: 99711.4 | AG131: 0.00311 | AH131: =FALSE() -> FALSE | AJ131: =FALSE() -> FALSE | AK131: =FALSE() -> FALSE | AL131: IN10YT | AM131: 0.2404 | AN131: -0.2392 | AO131: 0.4819 | AP131: -0.4773 | AQ131: 0.9685 | AR131: -0.95
A132: ZTFI-0131 | B132: IN2185016315 | C132: Bajaj Finance | D132: Infrastructure | E132: AAA | F132: INR | G132: 100 | H132: 0.0821 | I132: 2 | J132: Fixed | K132: 2017-07-22 | L132: 2025-07-20 | M132: 2024-10-31 | N132: 0.7173 | O132: 8 | P132: 0.0792 | Q132: 100.1395 | R132: 0.9248 | S132: 100.6078 | T132: 0.5 | U132: 0.481 | V132: 0.4626 | W132: 0.0048 | X132: 0.481 | Y132: 0.4626 | Z132: 37 | AA132: 37 | AB132: 44 | AC132: 0-1Y | AD132: 200000 | AE132: 200279 | AF132: 200279 | AG132: 0.006247 | AH132: =FALSE() -> FALSE | AJ132: =FALSE() -> FALSE | AK132: =FALSE() -> FALSE | AL132: IN10YT | AM132: 0.2414 | AN132: -0.2403 | AO132: 0.484 | AP132: -0.4794 | AQ132: 0.9726 | AR132: -0.9541
A133: ZTFI-0132 | B133: IN9619431142 | C133: Bajaj Finance | D133: Banking | E133: AAA | F133: INR | G133: 100 | H133: 0.0776 | I133: 2 | J133: Fixed | K133: 2022-02-12 | L133: 2026-02-11 | M133: 2024-10-31 | N133: 1.2813 | O133: 4 | P133: 0.0791 | Q133: 99.8585 | R133: 0.8628 | S133: 101.3355 | T133: 0.9813 | U133: 0.944 | V133: 1.3534 | W133: 0.0094 | X133: 0.9065 | Y133: 1.1681 | Z133: 25 | AA133: 6 | AB133: 33 | AC133: 1-2Y | AD133: 5000 | AE133: 4992.93 | AF133: 4992.93 | AG133: 0.000156 | AH133: =TRUE() -> TRUE | AI133: 2025-06-21 | AJ133: =FALSE() -> FALSE | AK133: =FALSE() -> FALSE | AL133: IN10YT | AM133: 0.473 | AN133: -0.4696 | AO133: 0.9494 | AP133: -0.9359 | AQ133: 1.9124 | AR133: -1.8583
A134: ZTFI-0133 | B134: IN8861015819 | C134: LIC Housing | D134: Infrastructure | E134: AAA | F134: INR | G134: 100 | H134: 0.082 | I134: 2 | J134: Fixed | K134: 2019-02-26 | L134: 2026-02-24 | M134: 2024-10-31 | N134: 1.3169 | O134: 7 | P134: 0.0752 | Q134: 100.6435 | R134: 1.4859 | S134: 101.7905 | T134: 0.9804 | U134: 0.9449 | V134: 1.3568 | W134: 0.0095 | X134: 0.9449 | Y134: 1.3568 | Z134: 44 | AA134: 44 | AB134: 46 | AC134: 1-2Y | AD134: 50000 | AE134: 50321.75 | AF134: 50321.75 | AG134: 0.00157 | AH134: =FALSE() -> FALSE | AJ134: =FALSE() -> FALSE | AK134: =FALSE() -> FALSE | AL134: IN10YT | AM134: 0.4772 | AN134: -0.4738 | AO134: 0.9578 | AP134: -0.9442 | AQ134: 1.9293 | AR134: -1.8747
A135: ZTFI-0134 | B135: IN2622444721 | C135: Power Finance Corp | D135: Infrastructure | E135: AAA | F135: INR | G135: 100 | H135: 0.0733 | I135: 2 | J135: Fixed | K135: 2022-03-25 | L135: 2028-03-23 | M135: 2024-10-31 | N135: 3.3922 | O135: 6 | P135: 0.0813 | Q135: 97.9076 | R135: 0.4519 | S135: 99.053 | T135: 2.7439 | U135: 2.6367 | V135: 8.5992 | W135: 0.0258 | X135: 2.6367 | Y135: 8.5992 | Z135: 43 | AA135: 43 | AB135: 44 | AC135: 3-5Y | AD135: 5000 | AE135: 4895.38 | AF135: 4895.38 | AG135: 0.000153 | AH135: =FALSE() -> FALSE | AJ135: =FALSE() -> FALSE | AK135: =FALSE() -> FALSE | AL135: IN10YT | AM135: 1.3013 | AN135: -1.2802 | AO135: 2.6236 | AP135: -2.5394 | AQ135: 5.3314 | AR135: -4.9947
A136: ZTFI-0135 | B136: IN2406596575 | C136: LIC Housing | D136: Banking | E136: AAA | F136: INR | G136: 100 | H136: 0.0786 | I136: 2 | J136: Fixed | K136: 2023-06-08 | L136: 2027-06-07 | M136: 2024-10-31 | N136: 2.5982 | O136: 4 | P136: 0.0828 | Q136: 99.0688 | R136: 0.3491 | S136: 99.8513 | T136: 2.317 | U136: 2.2249 | V136: 6.2438 | W136: 0.022 | X136: 2.2249 | Y136: 6.2438 | Z136: 32 | AA136: 32 | AB136: 37 | AC136: 2-3Y | AD136: 200000 | AE136: 198137.6 | AF136: 198137.6 | AG136: 0.00618 | AH136: =FALSE() -> FALSE | AJ136: =FALSE() -> FALSE | AK136: =FALSE() -> FALSE | AL136: IN10YT | AM136: 1.1098 | AN136: -1.0944 | AO136: 2.2351 | AP136: -2.1733 | AQ136: 4.5321 | AR136: -4.2847
A137: ZTFI-0136 | B137: IN7935646519 | C137: Infosys | D137: Infrastructure | E137: AAA | F137: INR | G137: 100 | H137: 0.074 | I137: 2 | J137: Fixed | K137: 2022-09-19 | L137: 2032-09-16 | M137: 2024-10-31 | N137: 7.8768 | O137: 10 | P137: 0.085 | Q137: 93.9904 | R137: 1.7445 | S137: 94.3782 | T137: 5.8285 | U137: 5.5909 | V137: 39.157 | W137: 0.0525 | X137: 5.5909 | Y137: 39.157 | Z137: 80 | AA137: 80 | AB137: 84 | AC137: 7-10Y | AD137: 5000 | AE137: 4699.52 | AF137: 4699.52 | AG137: 0.000147 | AH137: =FALSE() -> FALSE | AJ137: =FALSE() -> FALSE | AK137: =FALSE() -> FALSE | AL137: IN10YT | AM137: 2.6735 | AN137: -2.5814 | AO137: 5.4389 | AP137: -5.0709 | AQ137: 11.2459 | AR137: -9.7737
A138: ZTFI-0137 | B138: IN6724342661 | C138: IRFC | D138: Banking | E138: AAA | F138: INR | G138: 100 | H138: 0.079 | I138: 2 | J138: Fixed | K138: 2019-09-06 | L138: 2028-09-03 | M138: 2024-10-31 | N138: 3.8412 | O138: 9 | P138: 0.0819 | Q138: 99.1327 | R138: 0.0726 | S138: 101.0453 | T138: 3.1234 | U138: 3.0005 | V138: 11.0819 | W138: 0.0297 | X138: 3.0005 | Y138: 11.0819 | Z138: 64 | AA138: 64 | AB138: 61 | AC138: 3-5Y | AD138: 500000 | AE138: 495663.5 | AF138: 495663.5 | AG138: 0.015461 | AH138: =FALSE() -> FALSE | AJ138: =FALSE() -> FALSE | AK138: =FALSE() -> FALSE | AL138: IN10YT | AM138: 1.501 | AN138: -1.4735 | AO138: 3.0294 | AP138: -2.9195 | AQ138: 6.1687 | AR138: -5.7292
A139: ZTFI-0138 | B139: IN5290965610 | C139: HDFC Bank | D139: Banking | E139: AAA | F139: INR | G139: 100 | H139: 0.072 | I139: 2 | J139: Fixed | K139: 2022-04-17 | L139: 2027-04-16 | M139: 2024-10-31 | N139: 2.4559 | O139: 5 | P139: 0.0817 | Q139: 98.243 | R139: 0.8024 | S139: 98.947 | T139: 1.8971 | U139: 1.8226 | V139: 4.2997 | W139: 0.0179 | X139: 1.8226 | Y139: 4.2997 | Z139: 64 | AA139: 64 | AB139: 63 | AC139: 2-3Y | AD139: 100000 | AE139: 98243 | AF139: 98243 | AG139: 0.003064 | AH139: =FALSE() -> FALSE | AJ139: =FALSE() -> FALSE | AK139: =FALSE() -> FALSE | AL139: IN10YT | AM139: 0.9006 | AN139: -0.89 | AO139: 1.8117 | AP139: -1.7695 | AQ139: 3.6656 | AR139: -3.4967
A140: ZTFI-0139 | B140: IN7146112545 | C140: SBI | D140: Banking | E140: AAA | F140: INR | G140: 100 | H140: 0.0791 | I140: 2 | J140: Fixed | K140: 2022-04-02 | L140: 2027-04-01 | M140: 2024-10-31 | N140: 2.4148 | O140: 5 | P140: 0.0795 | Q140: 99.9274 | R140: 0.8947 | S140: 100.0602 | T140: 1.8887 | U140: 1.8165 | V140: 4.2829 | W140: 0.0182 | X140: 1.8165 | Y140: 4.2829 | Z140: 48 | AA140: 48 | AB140: 44 | AC140: 2-3Y | AD140: 5000 | AE140: 4996.37 | AF140: 4996.37 | AG140: 0.000156 | AH140: =FALSE() -> FALSE | AJ140: =FALSE() -> FALSE | AK140: =FALSE() -> FALSE | AL140: IN10YT | AM140: 0.9129 | AN140: -0.9022 | AO140: 1.8366 | AP140: -1.7938 | AQ140: 3.716 | AR140: -3.5448
A141: ZTFI-0140 | B141: IN1051238282 | C141: NHAI | D141: Infrastructure | E141: AAA | F141: INR | G141: 100 | H141: 0.0766 | I141: 2 | J141: Fixed | K141: 2017-08-18 | L141: 2025-08-16 | M141: 2024-10-31 | N141: 0.7912 | O141: 8 | P141: 0.078 | Q141: 99.9326 | R141: 1.2265 | S141: 100.7601 | T141: 0.5 | U141: 0.4812 | V141: 0.4632 | W141: 0.0048 | X141: 0.4812 | Y141: 0.4632 | Z141: 60 | AA141: 60 | AB141: 55 | AC141: 0-1Y | AD141: 50000 | AE141: 49966.3 | AF141: 49966.3 | AG141: 0.001559 | AH141: =FALSE() -> FALSE | AJ141: =FALSE() -> FALSE | AK141: =FALSE() -> FALSE | AL141: IN10YT | AM141: 0.241 | AN141: -0.2399 | AO141: 0.4832 | AP141: -0.4786 | AQ141: 0.971 | AR141: -0.9525
A142: ZTFI-0141 | B142: IN3796603341 | C142: IRFC | D142: Infrastructure | E142: AAA | F142: INR | G142: 100 | H142: 0.0815 | I142: 2 | J142: Fixed | K142: 2022-08-27 | L142: 2032-08-24 | M142: 2024-10-31 | N142: 7.8138 | O142: 10 | P142: 0.0792 | Q142: 101.2822 | R142: 1.7576 | S142: 102.3574 | T142: 5.7682 | U142: 5.5485 | V142: 38.7699 | W142: 0.0562 | X142: 5.5485 | Y142: 38.7699 | Z142: 27 | AA142: 27 | AB142: 32 | AC142: 7-10Y | AD142: 50000 | AE142: 50641.1 | AF142: 50641.1 | AG142: 0.00158 | AH142: =FALSE() -> FALSE | AJ142: =FALSE() -> FALSE | AK142: =FALSE() -> FALSE | AL142: IN10YT | AM142: 2.8589 | AN142: -2.7607 | AO142: 5.816 | AP142: -5.4233 | AQ142: 12.0246 | AR142: -10.4539
A143: ZTFI-0142 | B143: IN9691557924 | C143: Power Finance Corp | D143: NBFC | E143: AAA | F143: INR | G143: 100 | H143: 0.0884 | I143: 2 | J143: Fixed | K143: 2022-12-28 | L143: 2025-12-27 | M143: 2024-10-31 | N143: 1.1554 | O143: 3 | P143: 0.0791 | Q143: 100.8776 | R143: 1.5325 | S143: 102.0065 | T143: 0.9789 | U143: 0.9417 | V143: 1.349 | W143: 0.0095 | X143: 0.934 | Y143: 1.1745 | Z143: 39 | AA143: 18 | AB143: 46 | AC143: 1-2Y | AD143: 10000 | AE143: 10087.76 | AF143: 10087.76 | AG143: 0.000315 | AH143: =TRUE() -> TRUE | AI143: 2025-05-29 | AJ143: =FALSE() -> FALSE | AK143: =FALSE() -> FALSE | AL143: IN10YT | AM143: 0.4767 | AN143: -0.4733 | AO143: 0.9568 | AP143: -0.9432 | AQ143: 1.9271 | AR143: -1.8727
A144: ZTFI-0143 | B144: IN7828274225 | C144: Bajaj Finance | D144: Banking | E144: AAA | F144: INR | G144: 100 | H144: 0.0868 | I144: 2 | J144: Fixed | K144: 2023-06-21 | L144: 2025-06-20 | M144: 2024-10-31 | N144: 0.6352 | O144: 2 | P144: 0.0874 | Q144: 99.9713 | R144: 0.8332 | S144: 101.1899 | T144: 0.5 | U144: 0.4791 | V144: 0.459 | W144: 0.0048 | X144: 0.4791 | Y144: 0.459 | Z144: 28 | AA144: 28 | AB144: 38 | AC144: 0-1Y | AD144: 50000 | AE144: 49985.65 | AF144: 49985.65 | AG144: 0.001559 | AH144: =FALSE() -> FALSE | AJ144: =FALSE() -> FALSE | AK144: =FALSE() -> FALSE | AL144: IN10YT | AM144: 0.2401 | AN144: -0.2389 | AO144: 0.4813 | AP144: -0.4767 | AQ144: 0.9671 | AR144: -0.9487
A145: ZTFI-0144 | B145: IN7677219034 | C145: Bajaj Finance | D145: Infrastructure | E145: AAA | F145: INR | G145: 100 | H145: 0.0707 | I145: 2 | J145: Fixed | K145: 2022-03-09 | L145: 2027-03-08 | M145: 2024-10-31 | N145: 2.3491 | O145: 5 | P145: 0.0772 | Q145: 98.8164 | R145: 1.3538 | S145: 99.788 | T145: 1.8992 | U145: 1.8286 | V145: 4.3248 | W145: 0.0181 | X145: 1.8286 | Y145: 4.3248 | Z145: 56 | AA145: 56 | AB145: 54 | AC145: 2-3Y | AD145: 50000 | AE145: 49408.2 | AF145: 49408.2 | AG145: 0.001541 | AH145: =FALSE() -> FALSE | AJ145: =FALSE() -> FALSE | AK145: =FALSE() -> FALSE | AL145: IN10YT | AM145: 0.9088 | AN145: -0.8981 | AO145: 1.8283 | AP145: -1.7856 | AQ145: 3.6994 | AR145: -3.5284
A146: ZTFI-0145 | B146: IN4858078361 | C146: Power Finance Corp | D146: Banking | E146: AAA | F146: INR | G146: 100 | H146: 0.0847 | I146: 2 | J146: Fixed | K146: 2023-02-22 | L146: 2028-02-21 | M146: 2024-10-31 | N146: 3.3073 | O146: 5 | P146: 0.088 | Q146: 99.1462 | R146: 1.7294 | S146: 100.0759 | T146: 2.7098 | U146: 2.5956 | V146: 8.4001 | W146: 0.0257 | X146: 2.5956 | Y146: 8.4001 | Z146: 36 | AA146: 36 | AB146: 34 | AC146: 3-5Y | AD146: 50000 | AE146: 49573.1 | AF146: 49573.1 | AG146: 0.001546 | AH146: =FALSE() -> FALSE | AJ146: =FALSE() -> FALSE | AK146: =FALSE() -> FALSE | AL146: IN10YT | AM146: 1.2971 | AN146: -1.2763 | AO146: 2.6151 | AP146: -2.5318 | AQ146: 5.3134 | AR146: -4.9803
A147: ZTFI-0146 | B147: IN3959629233 | C147: NHAI | D147: Banking | E147: AAA | F147: INR | G147: 100 | H147: 0.0861 | I147: 2 | J147: Fixed | K147: 2021-02-21 | L147: 2028-02-20 | M147: 2024-10-31 | N147: 3.3046 | O147: 7 | P147: 0.0828 | Q147: 100.861 | R147: 0.6299 | S147: 102.0938 | T147: 2.7084 | U147: 2.6007 | V147: 8.4355 | W147: 0.0262 | X147: 2.6007 | Y147: 8.4355 | Z147: 40 | AA147: 40 | AB147: 38 | AC147: 3-5Y | AD147: 10000 | AE147: 10086.1 | AF147: 10086.1 | AG147: 0.000315 | AH147: =FALSE() -> FALSE | AJ147: =FALSE() -> FALSE | AK147: =FALSE() -> FALSE | AL147: IN10YT | AM147: 1.3222 | AN147: -1.3009 | AO147: 2.6656 | AP147: -2.5806 | AQ147: 5.4163 | AR147: -5.076
A148: ZTFI-0147 | B148: IN0422325367 | C148: ICICI Bank | D148: NBFC | E148: AAA | F148: INR | G148: 100 | H148: 0.0728 | I148: 2 | J148: Fixed | K148: 2021-03-13 | L148: 2027-03-12 | M148: 2024-10-31 | N148: 2.36 | O148: 6 | P148: 0.0799 | Q148: 98.7112 | R148: 1.3994 | S148: 99.4444 | T148: 1.8963 | U148: 1.8235 | V148: 4.3047 | W148: 0.018 | X148: 1.8235 | Y148: 4.3047 | Z148: 60 | AA148: 60 | AB148: 63 | AC148: 2-3Y | AD148: 5000 | AE148: 4935.56 | AF148: 4935.56 | AG148: 0.000154 | AH148: =FALSE() -> FALSE | AJ148: =FALSE() -> FALSE | AK148: =FALSE() -> FALSE | AL148: IN10YT | AM148: 0.9053 | AN148: -0.8947 | AO148: 1.8212 | AP148: -1.7788 | AQ148: 3.685 | AR148: -3.515
A149: ZTFI-0148 | B149: IN7759017518 | C149: IRFC | D149: NBFC | E149: AAA | F149: INR | G149: 100 | H149: 0.078 | I149: 2 | J149: Fixed | K149: 2018-07-26 | L149: 2026-07-24 | M149: 2024-10-31 | N149: 1.7276 | O149: 8 | P149: 0.0814 | Q149: 99.5289 | R149: 1.0673 | S149: 99.7836 | T149: 1.4443 | U149: 1.3878 | V149: 2.6329 | W149: 0.0138 | X149: 1.3878 | Y149: 2.6329 | Z149: 73 | AA149: 73 | AB149: 83 | AC149: 1-2Y | AD149: 20000 | AE149: 19905.78 | AF149: 19905.78 | AG149: 0.000621 | AH149: =FALSE() -> FALSE | AJ149: =FALSE() -> FALSE | AK149: =FALSE() -> FALSE | AL149: IN10YT | AM149: 0.6939 | AN149: -0.6874 | AO149: 1.3944 | AP149: -1.3682 | AQ149: 2.8149 | AR149: -2.7101
A150: ZTFI-0149 | B150: IN0017012770 | C150: NHAI | D150: NBFC | E150: AAA | F150: INR | G150: 100 | H150: 0.0898 | I150: 2 | J150: Fixed | K150: 2022-12-02 | L150: 2030-11-30 | M150: 2024-10-31 | N150: 6.0808 | O150: 8 | P150: 0.084 | Q150: 102.6904 | R150: 0.3569 | S150: 104.7844 | T150: 4.7855 | U150: 4.5926 | V150: 26.3858 | W150: 0.0472 | X150: 4.5926 | Y150: 26.3858 | Z150: 76 | AA150: 76 | AB150: 79 | AC150: 5-7Y | AD150: 10000 | AE150: 10269.04 | AF150: 10269.04 | AG150: 0.00032 | AH150: =FALSE() -> FALSE | AJ150: =FALSE() -> FALSE | AK150: =FALSE() -> FALSE | AL150: IN10YT | AM150: 2.3919 | AN150: -2.3242 | AO150: 4.8516 | AP150: -4.5807 | AQ150: 9.9742 | AR150: -8.8904
A151: ZTFI-0150 | B151: IN5415206436 | C151: HDFC Bank | D151: Infrastructure | E151: AAA | F151: INR | G151: 100 | H151: 0.0831 | I151: 2 | J151: Fixed | K151: 2024-05-01 | L151: 2027-05-01 | M151: 2024-10-31 | N151: 2.4969 | O151: 3 | P151: 0.0812 | Q151: 100.3444 | R151: 1.4127 | S151: 100.3637 | T151: 1.8837 | U151: 1.8102 | V151: 4.2606 | W151: 0.0182 | X151: 1.8102 | Y151: 4.2606 | Z151: 57 | AA151: 57 | AB151: 62 | AC151: 2-3Y | AD151: 10000 | AE151: 10034.44 | AF151: 10034.44 | AG151: 0.000313 | AH151: =FALSE() -> FALSE | AJ151: =FALSE() -> FALSE | AK151: =FALSE() -> FALSE | AL151: IN10YT | AM151: 0.9136 | AN151: -0.9029 | AO151: 1.8378 | AP151: -1.7951 | AQ151: 3.7184 | AR151: -3.5474
A152: ZTFI-0151 | B152: IN2713611155 | C152: HDFC Bank | D152: NBFC | E152: AAA | F152: INR | G152: 100 | H152: 0.0876 | I152: 2 | J152: Fixed | K152: 2023-03-10 | L152: 2027-03-09 | M152: 2024-10-31 | N152: 2.3518 | O152: 4 | P152: 0.0856 | Q152: 100.3606 | R152: 1.4829 | S152: 100.5104 | T152: 1.8778 | U152: 1.8007 | V152: 4.2248 | W152: 0.0181 | X152: 1.8007 | Y152: 4.2248 | Z152: 28 | AA152: 28 | AB152: 23 | AC152: 2-3Y | AD152: 500000 | AE152: 501803 | AF152: 501803 | AG152: 0.015652 | AH152: =FALSE() -> FALSE | AJ152: =FALSE() -> FALSE | AK152: =FALSE() -> FALSE | AL152: IN10YT | AM152: 0.9089 | AN152: -0.8983 | AO152: 1.8284 | AP152: -1.786 | AQ152: 3.6992 | AR152: -3.5296
A153: ZTFI-0152 | B153: IN2753269731 | C153: Power Finance Corp | D153: Infrastructure | E153: AAA | F153: INR | G153: 100 | H153: 0.0879 | I153: 2 | J153: Fixed | K153: 2022-01-29 | L153: 2026-01-28 | M153: 2024-10-31 | N153: 1.243 | O153: 4 | P153: 0.0827 | Q153: 100.4894 | R153: 0.6911 | S153: 100.7967 | T153: 0.979 | U153: 0.9401 | V153: 1.3445 | W153: 0.0094 | X153: 0.9401 | Y153: 1.3445 | Z153: 42 | AA153: 42 | AB153: 45 | AC153: 1-2Y | AD153: 50000 | AE153: 50244.7 | AF153: 50244.7 | AG153: 0.001567 | AH153: =FALSE() -> FALSE | AJ153: =FALSE() -> FALSE | AK153: =FALSE() -> FALSE | AL153: IN10YT | AM153: 0.474 | AN153: -0.4707 | AO153: 0.9515 | AP153: -0.9379 | AQ153: 1.9164 | AR153: -1.8624
A154: ZTFI-0153 | B154: IN3899940438 | C154: REC Ltd | D154: Banking | E154: AAA | F154: INR | G154: 100 | H154: 0.0821 | I154: 2 | J154: Fixed | K154: 2021-05-06 | L154: 2026-05-05 | M154: 2024-10-31 | N154: 1.5086 | O154: 5 | P154: 0.0788 | Q154: 100.4584 | R154: 1.9595 | S154: 101.4742 | T154: 1.4418 | U154: 1.3871 | V154: 2.6334 | W154: 0.0139 | X154: 1.3871 | Y154: 2.6334 | Z154: 70 | AA154: 70 | AB154: 68 | AC154: 1-2Y | AD154: 5000 | AE154: 5022.92 | AF154: 5022.92 | AG154: 0.000157 | AH154: =FALSE() -> FALSE | AJ154: =FALSE() -> FALSE | AK154: =FALSE() -> FALSE | AL154: IN10YT | AM154: 0.7 | AN154: -0.6934 | AO154: 1.4067 | AP154: -1.3802 | AQ154: 2.8398 | AR154: -2.734
A155: ZTFI-0154 | B155: IN9180552696 | C155: TCS | D155: NBFC | E155: AAA | F155: INR | G155: 100 | H155: 0.0773 | I155: 2 | J155: Fixed | K155: 2022-01-18 | L155: 2026-01-17 | M155: 2024-10-31 | N155: 1.2129 | O155: 4 | P155: 0.0874 | Q155: 99.0525 | R155: 0.0267 | S155: 99.4694 | T155: 0.9813 | U155: 0.9402 | V155: 1.3427 | W155: 0.0093 | X155: 0.9799 | Y155: 1.3324 | Z155: 24 | AA155: 12 | AB155: 31 | AC155: 1-2Y | AD155: 500000 | AE155: 495262.5 | AF155: 495262.5 | AG155: 0.015448 | AH155: =TRUE() -> TRUE | AI155: 2025-06-09 | AJ155: =FALSE() -> FALSE | AK155: =FALSE() -> FALSE | AL155: IN10YT | AM155: 0.4673 | AN155: -0.464 | AO155: 0.9379 | AP155: -0.9246 | AQ155: 1.8892 | AR155: -1.836
A156: ZTFI-0155 | B156: IN8666188924 | C156: NABARD | D156: NBFC | E156: AAA | F156: INR | G156: 100 | H156: 0.0717 | I156: 2 | J156: Fixed | K156: 2023-04-25 | L156: 2026-04-24 | M156: 2024-10-31 | N156: 1.4784 | O156: 3 | P156: 0.0776 | Q156: 99.4426 | R156: 0.7004 | S156: 100.5796 | T156: 0.9826 | U156: 0.9459 | V156: 1.3579 | W156: 0.0094 | X156: 0.9459 | Y156: 1.3579 | Z156: 29 | AA156: 29 | AB156: 26 | AC156: 1-2Y | AD156: 500000 | AE156: 497213 | AF156: 497213 | AG156: 0.015509 | AH156: =FALSE() -> FALSE | AJ156: =FALSE() -> FALSE | AK156: =FALSE() -> FALSE | AL156: IN10YT | AM156: 0.472 | AN156: -0.4686 | AO156: 0.9474 | AP156: -0.9339 | AQ156: 1.9083 | AR156: -1.8542
A157: ZTFI-0156 | B157: IN6303161799 | C157: Infosys | D157: Infrastructure | E157: AAA | F157: INR | G157: 100 | H157: 0.0711 | I157: 2 | J157: Fixed | K157: 2023-12-23 | L157: 2027-12-22 | M157: 2024-10-31 | N157: 3.1403 | O157: 4 | P157: 0.0842 | Q157: 96.5898 | R157: 1.694 | S157: 97.5194 | T157: 2.749 | U157: 2.6379 | V157: 8.5973 | W157: 0.0255 | X157: 2.6379 | Y157: 8.5973 | Z157: 20 | AA157: 20 | AB157: 23 | AC157: 3-5Y | AD157: 200000 | AE157: 193179.6 | AF157: 193179.6 | AG157: 0.006026 | AH157: =FALSE() -> FALSE | AJ157: =FALSE() -> FALSE | AK157: =FALSE() -> FALSE | AL157: IN10YT | AM157: 1.2844 | AN157: -1.2636 | AO157: 2.5895 | AP157: -2.5064 | AQ157: 5.262 | AR157: -4.9298
A158: ZTFI-0157 | B158: IN2410564814 | C158: ICICI Bank | D158: NBFC | E158: AAA | F158: INR | G158: 100 | H158: 0.0842 | I158: 2 | J158: Fixed | K158: 2023-05-06 | L158: 2026-05-05 | M158: 2024-10-31 | N158: 1.5086 | O158: 3 | P158: 0.0816 | Q158: 100.3602 | R158: 0.3513 | S158: 100.6913 | T158: 1.4403 | U158: 1.3838 | V158: 2.6228 | W158: 0.0139 | X158: 1.3838 | Y158: 2.6228 | Z158: 51 | AA158: 51 | AB158: 49 | AC158: 1-2Y | AD158: 5000 | AE158: 5018.01 | AF158: 5018.01 | AG158: 0.000157 | AH158: =FALSE() -> FALSE | AJ158: =FALSE() -> FALSE | AK158: =FALSE() -> FALSE | AL158: IN10YT | AM158: 0.6977 | AN158: -0.6911 | AO158: 1.4019 | AP158: -1.3756 | AQ158: 2.8302 | AR158: -2.7249
A159: ZTFI-0158 | B159: IN1380003075 | C159: Power Finance Corp | D159: Infrastructure | E159: AAA | F159: INR | G159: 100 | H159: 0.0777 | I159: 2 | J159: Fixed | K159: 2023-10-19 | L159: 2027-10-18 | M159: 2024-10-31 | N159: 2.9624 | O159: 4 | P159: 0.0875 | Q159: 97.8414 | R159: 1.387 | S159: 99.1151 | T159: 2.3176 | U159: 2.2205 | V159: 6.2182 | W159: 0.0217 | X159: 2.2205 | Y159: 6.2182 | Z159: 55 | AA159: 55 | AB159: 57 | AC159: 2-3Y | AD159: 5000 | AE159: 4892.07 | AF159: 4892.07 | AG159: 0.000153 | AH159: =FALSE() -> FALSE | AJ159: =FALSE() -> FALSE | AK159: =FALSE() -> FALSE | AL159: IN10YT | AM159: 1.0939 | AN159: -1.0787 | AO159: 2.203 | AP159: -2.1421 | AQ159: 4.4668 | AR159: -4.2235
A160: ZTFI-0159 | B160: IN6541951802 | C160: SBI | D160: Banking | E160: AAA | F160: INR | G160: 100 | H160: 0.0745 | I160: 2 | J160: Fixed | K160: 2015-07-05 | L160: 2025-07-02 | M160: 2024-10-31 | N160: 0.668 | O160: 10 | P160: 0.0874 | Q160: 99.382 | R160: 0.5258 | S160: 100.9555 | T160: 0.5 | U160: 0.4791 | V160: 0.459 | W160: 0.0048 | X160: 0.4791 | Y160: 0.459 | Z160: 76 | AA160: 76 | AB160: 81 | AC160: 0-1Y | AD160: 5000 | AE160: 4969.1 | AF160: 4969.1 | AG160: 0.000155 | AH160: =FALSE() -> FALSE | AJ160: =FALSE() -> FALSE | AK160: =FALSE() -> FALSE | AL160: IN10YT | AM160: 0.2386 | AN160: -0.2375 | AO160: 0.4784 | AP160: -0.4739 | AQ160: 0.9614 | AR160: -0.9432
A161: ZTFI-0160 | B161: IN7053494937 | C161: HDFC Bank | D161: Infrastructure | E161: AAA | F161: INR | G161: 100 | H161: 0.0774 | I161: 2 | J161: Fixed | K161: 2016-05-10 | L161: 2025-05-08 | M161: 2024-10-31 | N161: 0.5175 | O161: 9 | P161: 0.0851 | Q161: 99.6307 | R161: 1.5402 | S161: 99.922 | T161: 0.5 | U161: 0.4796 | V161: 0.46 | W161: 0.0048 | X161: 0.4796 | Y161: 0.46 | Z161: 77 | AA161: 77 | AB161: 85 | AC161: 0-1Y | AD161: 200000 | AE161: 199261.4 | AF161: 199261.4 | AG161: 0.006215 | AH161: =FALSE() -> FALSE | AJ161: =FALSE() -> FALSE | AK161: =FALSE() -> FALSE | AL161: IN10YT | AM161: 0.2395 | AN161: -0.2383 | AO161: 0.4801 | AP161: -0.4755 | AQ161: 0.9648 | AR161: -0.9465
A162: ZTFI-0161 | B162: IN8505064138 | C162: Tata Motors Finance | D162: NBFC | E162: AA+ | F162: INR | G162: 100 | H162: 0.0997 | I162: 2 | J162: Fixed | K162: 2022-05-15 | L162: 2027-05-14 | M162: 2024-10-31 | N162: 2.5325 | O162: 5 | P162: 0.0859 | Q162: 103.0465 | R162: 2.2365 | S162: 104.342 | T162: 2.2774 | U162: 2.1836 | V162: 6.0808 | W162: 0.0225 | X162: 2.2275 | Y162: 5.5084 | Z162: 95 | AA162: 78 | AB162: 92 | AC162: 2-3Y | AD162: 10000 | AE162: 10304.65 | AF162: 10304.65 | AG162: 0.000321 | AH162: =TRUE() -> TRUE | AI162: 2026-02-05 | AJ162: =FALSE() -> FALSE | AK162: =FALSE() -> FALSE | AL162: IN10YT | AM162: 1.1329 | AN162: -1.1172 | AO162: 2.2815 | AP162: -2.2188 | AQ162: 4.6256 | AR162: -4.3749
A163: ZTFI-0162 | B163: IN2619906234 | C163: L&T Finance | D163: NBFC | E163: AA- | F163: INR | G163: 100 | H163: 0.0852 | I163: 2 | J163: Fixed | K163: 2021-07-23 | L163: 2025-07-22 | M163: 2024-10-31 | N163: 0.7228 | O163: 4 | P163: 0.0909 | Q163: 99.7274 | R163: 0.5793 | S163: 99.8865 | T163: 0.5 | U163: 0.4783 | V163: 0.4575 | W163: 0.0048 | X163: 0.4783 | Y163: 0.4575 | Z163: 101 | AA163: 101 | AB163: 102 | AC163: 0-1Y | AD163: 500000 | AE163: 498637 | AF163: 498637 | AG163: 0.015554 | AH163: =FALSE() -> FALSE | AJ163: =FALSE() -> FALSE | AK163: =FALSE() -> FALSE | AL163: IN10YT | AM163: 0.2391 | AN163: -0.2379 | AO163: 0.4793 | AP163: -0.4747 | AQ163: 0.9631 | AR163: -0.9449
A164: ZTFI-0163 | B164: IN1212775618 | C164: Muthoot Finance | D164: NBFC | E164: AA- | F164: INR | G164: 100 | H164: 0.0872 | I164: 2 | J164: Fixed | K164: 2023-06-07 | L164: 2026-06-06 | M164: 2024-10-31 | N164: 1.5962 | O164: 3 | P164: 0.092 | Q164: 99.3415 | R164: 1.8015 | S164: 100.8607 | T164: 1.438 | U164: 1.3748 | V164: 2.5911 | W164: 0.0137 | X164: 1.3116 | Y164: 2.5273 | Z164: 75 | AA164: 56 | AB164: 80 | AC164: 1-2Y | AD164: 500000 | AE164: 496707.5 | AF164: 496707.5 | AG164: 0.015493 | AH164: =TRUE() -> TRUE | AI164: 2025-08-18 | AJ164: =FALSE() -> FALSE | AK164: =FALSE() -> FALSE | AL164: IN10YT | AM164: 0.6861 | AN164: -0.6797 | AO164: 1.3786 | AP164: -1.3529 | AQ164: 2.783 | AR164: -2.68
A165: ZTFI-0164 | B165: IN3568044206 | C165: Muthoot Finance | D165: NBFC | E165: AA+ | F165: INR | G165: 100 | H165: 0.0971 | I165: 2 | J165: Fixed | K165: 2020-08-06 | L165: 2026-08-05 | M165: 2024-10-31 | N165: 1.7604 | O165: 6 | P165: 0.0887 | Q165: 101.156 | R165: 0.3393 | S165: 101.185 | T165: 1.432 | U165: 1.3712 | V165: 2.5847 | W165: 0.0139 | X165: 1.3712 | Y165: 2.5847 | Z165: 73 | AA165: 73 | AB165: 75 | AC165: 1-2Y | AD165: 50000 | AE165: 50578 | AF165: 50578 | AG165: 0.001578 | AH165: =FALSE() -> FALSE | AJ165: =FALSE() -> FALSE | AK165: =FALSE() -> FALSE | AL165: IN10YT | AM165: 0.6968 | AN165: -0.6903 | AO165: 1.4001 | AP165: -1.374 | AQ165: 2.8264 | AR165: -2.7218
A166: ZTFI-0165 | B166: IN6519941013 | C166: Muthoot Finance | D166: NBFC | E166: AA+ | F166: INR | G166: 100 | H166: 0.098 | I166: 2 | J166: Fixed | K166: 2021-02-05 | L166: 2026-02-04 | M166: 2024-10-31 | N166: 1.2621 | O166: 5 | P166: 0.0864 | Q166: 101.0889 | R166: 0.1241 | S166: 103.353 | T166: 0.9768 | U166: 0.9363 | V166: 1.3356 | W166: 0.0095 | X166: 0.93 | Y166: 1.2804 | Z166: 102 | AA166: 78 | AB166: 112 | AC166: 1-2Y | AD166: 500000 | AE166: 505444.5 | AF166: 505444.5 | AG166: 0.015766 | AH166: =TRUE() -> TRUE | AI166: 2025-06-18 | AJ166: =FALSE() -> FALSE | AK166: =FALSE() -> FALSE | AL166: IN10YT | AM166: 0.4749 | AN166: -0.4716 | AO166: 0.9532 | AP166: -0.9397 | AQ166: 1.92 | AR166: -1.866
A167: ZTFI-0166 | B167: IN6253244720 | C167: Tata Motors Finance | D167: NBFC | E167: AA | F167: INR | G167: 100 | H167: 0.0923 | I167: 2 | J167: Fixed | K167: 2023-02-08 | L167: 2029-02-06 | M167: 2024-10-31 | N167: 4.2683 | O167: 6 | P167: 0.0894 | Q167: 100.9576 | R167: 0.2024 | S167: 101.8414 | T167: 3.4371 | U167: 3.29 | V167: 13.4312 | W167: 0.0332 | X167: 3.29 | Y167: 13.4312 | Z167: 130 | AA167: 130 | AB167: 138 | AC167: 3-5Y | AD167: 50000 | AE167: 50478.8 | AF167: 50478.8 | AG167: 0.001575 | AH167: =FALSE() -> FALSE | AJ167: =FALSE() -> FALSE | AK167: =FALSE() -> FALSE | AL167: IN10YT | AM167: 1.6777 | AN167: -1.6438 | AO167: 3.3893 | AP167: -3.2537 | AQ167: 6.9142 | AR167: -6.3718
A168: ZTFI-0167 | B168: IN8380657875 | C168: Shriram Transport | D168: NBFC | E168: AA- | F168: INR | G168: 100 | H168: 0.0983 | I168: 2 | J168: Fixed | K168: 2022-09-23 | L168: 2028-09-21 | M168: 2024-10-31 | N168: 3.8905 | O168: 6 | P168: 0.0891 | Q168: 102.7151 | R168: 0.072 | S168: 104.7074 | T168: 3.0518 | U168: 2.9216 | V168: 10.6598 | W168: 0.03 | X168: 2.9216 | Y168: 10.6598 | Z168: 100 | AA168: 100 | AB168: 103 | AC168: 3-5Y | AD168: 5000 | AE168: 5135.76 | AF168: 5135.76 | AG168: 0.00016 | AH168: =FALSE() -> FALSE | AJ168: =FALSE() -> FALSE | AK168: =FALSE() -> FALSE | AL168: IN10YT | AM168: 1.5141 | AN168: -1.4868 | AO168: 3.0557 | AP168: -2.9462 | AQ168: 6.2208 | AR168: -5.7829
A169: ZTFI-0168 | B169: IN8593213348 | C169: Tata Motors Finance | D169: NBFC | E169: AA | F169: INR | G169: 100 | H169: 0.0963 | I169: 2 | J169: Fixed | K169: 2024-01-01 | L169: 2030-12-30 | M169: 2024-10-31 | N169: 6.1629 | O169: 7 | P169: 0.0999 | Q169: 98.4042 | R169: 1.9197 | S169: 99.2584 | T169: 4.6818 | U169: 4.4591 | V169: 25.2162 | W169: 0.0439 | X169: 4.4591 | Y169: 25.2162 | Z169: 133 | AA169: 133 | AB169: 133 | AC169: 5-7Y | AD169: 10000 | AE169: 9840.42 | AF169: 9840.42 | AG169: 0.000307 | AH169: =FALSE() -> FALSE | AJ169: =FALSE() -> FALSE | AK169: =FALSE() -> FALSE | AL169: IN10YT | AM169: 2.225 | AN169: -2.163 | AO169: 4.512 | AP169: -4.2639 | AQ169: 9.2722 | AR169: -8.2796
A170: ZTFI-0169 | B170: IN9559059929 | C170: Muthoot Finance | D170: NBFC | E170: AA+ | F170: INR | G170: 100 | H170: 0.099 | I170: 2 | J170: Fixed | K170: 2022-03-02 | L170: 2027-03-01 | M170: 2024-10-31 | N170: 2.3299 | O170: 5 | P170: 0.0876 | Q170: 102.0506 | R170: 0.5416 | S170: 103.3536 | T170: 1.8644 | U170: 1.7862 | V170: 4.1759 | W170: 0.0182 | X170: 1.697 | Y170: 4.1245 | Z170: 71 | AA170: 42 | AB170: 72 | AC170: 2-3Y | AD170: 5000 | AE170: 5102.53 | AF170: 5102.53 | AG170: 0.000159 | AH170: =TRUE() -> TRUE | AI170: 2025-12-30 | AJ170: =FALSE() -> FALSE | AK170: =FALSE() -> FALSE | AL170: IN10YT | AM170: 0.9167 | AN170: -0.9061 | AO170: 1.8441 | AP170: -1.8015 | AQ170: 3.7309 | AR170: -3.5604
A171: ZTFI-0170 | B171: IN2500292185 | C171: Muthoot Finance | D171: NBFC | E171: AA | F171: INR | G171: 100 | H171: 0.0992 | I171: 2 | J171: Fixed | K171: 2022-03-23 | L171: 2026-03-22 | M171: 2024-10-31 | N171: 1.3881 | O171: 4 | P171: 0.0949 | Q171: 100.4012 | R171: 0.8001 | S171: 102.8213 | T171: 0.9764 | U171: 0.9322 | V171: 1.3242 | W171: 0.0094 | X171: 0.9322 | Y171: 1.3242 | Z171: 72 | AA171: 72 | AB171: 80 | AC171: 1-2Y | AD171: 100000 | AE171: 100401.2 | AF171: 100401.2 | AG171: 0.003132 | AH171: =FALSE() -> FALSE | AJ171: =FALSE() -> FALSE | AK171: =FALSE() -> FALSE | AL171: IN10YT | AM171: 0.4696 | AN171: -0.4663 | AO171: 0.9426 | AP171: -0.9293 | AQ171: 1.8985 | AR171: -1.8453
A172: ZTFI-0171 | B172: IN5289539264 | C172: IIFL Finance | D172: NBFC | E172: AA- | F172: INR | G172: 100 | H172: 0.0947 | I172: 2 | J172: Fixed | K172: 2023-12-15 | L172: 2027-12-14 | M172: 2024-10-31 | N172: 3.1184 | O172: 4 | P172: 0.0959 | Q172: 99.6935 | R172: 2.354 | S172: 101.9786 | T172: 2.6801 | U172: 2.5575 | V172: 8.2122 | W172: 0.0255 | X172: 2.5575 | Y172: 8.2122 | Z172: 133 | AA172: 133 | AB172: 129 | AC172: 3-5Y | AD172: 200000 | AE172: 199387 | AF172: 199387 | AG172: 0.006219 | AH172: =FALSE() -> FALSE | AJ172: =FALSE() -> FALSE | AK172: =FALSE() -> FALSE | AL172: IN10YT | AM172: 1.2851 | AN172: -1.2646 | AO172: 2.5906 | AP172: -2.5087 | AQ172: 5.2631 | AR172: -4.9356
A173: ZTFI-0172 | B173: IN5939172513 | C173: Muthoot Finance | D173: NBFC | E173: AA- | F173: INR | G173: 100 | H173: 0.0869 | I173: 2 | J173: Fixed | K173: 2023-10-31 | L173: 2027-10-30 | M173: 2024-10-31 | N173: 2.9952 | O173: 4 | P173: 0.0983 | Q173: 97.5264 | R173: 1.5844 | S173: 98.2558 | T173: 2.2974 | U173: 2.1898 | V173: 6.0818 | W173: 0.0214 | X173: 2.1898 | Y173: 6.0818 | Z173: 150 | AA173: 150 | AB173: 145 | AC173: 2-3Y | AD173: 5000 | AE173: 4876.32 | AF173: 4876.32 | AG173: 0.000152 | AH173: =FALSE() -> FALSE | AJ173: =FALSE() -> FALSE | AK173: =FALSE() -> FALSE | AL173: IN10YT | AM173: 1.0752 | AN173: -1.0604 | AO173: 2.1653 | AP173: -2.106 | AQ173: 4.3899 | AR173: -4.1526
A174: ZTFI-0173 | B174: IN3154100676 | C174: Mahindra Finance | D174: NBFC | E174: AA+ | F174: INR | G174: 100 | H174: 0.0994 | I174: 2 | J174: Fixed | K174: 2022-05-13 | L174: 2027-05-12 | M174: 2024-10-31 | N174: 2.527 | O174: 5 | P174: 0.0907 | Q174: 101.9078 | R174: 1.96 | S174: 103.3443 | T174: 2.2766 | U174: 2.1778 | V174: 6.0502 | W174: 0.0222 | X174: 2.234 | Y174: 5.3474 | Z174: 108 | AA174: 83 | AB174: 117 | AC174: 2-3Y | AD174: 100000 | AE174: 101907.8 | AF174: 101907.8 | AG174: 0.003179 | AH174: =TRUE() -> TRUE | AI174: 2026-02-04 | AJ174: =FALSE() -> FALSE | AK174: =FALSE() -> FALSE | AL174: IN10YT | AM174: 1.1174 | AN174: -1.102 | AO174: 2.2502 | AP174: -2.1885 | AQ174: 4.562 | AR174: -4.3154
A175: ZTFI-0174 | B175: IN4054115262 | C175: L&T Finance | D175: NBFC | E175: AA+ | F175: INR | G175: 100 | H175: 0.0946 | I175: 2 | J175: Fixed | K175: 2019-08-18 | L175: 2025-08-16 | M175: 2024-10-31 | N175: 0.7912 | O175: 6 | P175: 0.0997 | Q175: 99.7571 | R175: 2.1125 | S175: 101.4233 | T175: 0.5 | U175: 0.4763 | V175: 0.4536 | W175: 0.0048 | X175: 0.4763 | Y175: 0.4536 | Z175: 136 | AA175: 136 | AB175: 144 | AC175: 0-1Y | AD175: 20000 | AE175: 19951.42 | AF175: 19951.42 | AG175: 0.000622 | AH175: =FALSE() -> FALSE | AJ175: =FALSE() -> FALSE | AK175: =FALSE() -> FALSE | AL175: IN10YT | AM175: 0.2381 | AN175: -0.237 | AO175: 0.4774 | AP175: -0.4729 | AQ175: 0.9593 | AR175: -0.9412
A176: ZTFI-0175 | B176: IN6201533688 | C176: Muthoot Finance | D176: NBFC | E176: AA- | F176: INR | G176: 100 | H176: 0.0853 | I176: 2 | J176: Fixed | K176: 2023-06-11 | L176: 2027-06-10 | M176: 2024-10-31 | N176: 2.6064 | O176: 4 | P176: 0.0864 | Q176: 99.7573 | R176: 1.0469 | S176: 99.8735 | T176: 2.3034 | U176: 2.208 | V176: 6.1728 | W176: 0.022 | X176: 2.208 | Y176: 6.1728 | Z176: 133 | AA176: 133 | AB176: 128 | AC176: 2-3Y | AD176: 50000 | AE176: 49878.65 | AF176: 49878.65 | AG176: 0.001556 | AH176: =FALSE() -> FALSE | AJ176: =FALSE() -> FALSE | AK176: =FALSE() -> FALSE | AL176: IN10YT | AM176: 1.109 | AN176: -1.0936 | AO176: 2.2334 | AP176: -2.1719 | AQ176: 4.5284 | AR176: -4.2821
A177: ZTFI-0176 | B177: IN4973103241 | C177: Sundaram Finance | D177: NBFC | E177: AA+ | F177: INR | G177: 100 | H177: 0.0895 | I177: 2 | J177: Fixed | K177: 2024-01-10 | L177: 2026-01-09 | M177: 2024-10-31 | N177: 1.191 | O177: 2 | P177: 0.091 | Q177: 99.8596 | R177: 1.4362 | S177: 100.7267 | T177: 0.9786 | U177: 0.936 | V177: 1.3331 | W177: 0.0093 | X177: 0.936 | Y177: 1.3331 | Z177: 144 | AA177: 144 | AB177: 150 | AC177: 1-2Y | AD177: 50000 | AE177: 49929.8 | AF177: 49929.8 | AG177: 0.001557 | AH177: =FALSE() -> FALSE | AJ177: =FALSE() -> FALSE | AK177: =FALSE() -> FALSE | AL177: IN10YT | AM177: 0.469 | AN177: -0.4657 | AO177: 0.9413 | AP177: -0.928 | AQ177: 1.896 | AR177: -1.8427
A178: ZTFI-0177 | B178: IN2704774349 | C178: Sundaram Finance | D178: NBFC | E178: AA | F178: INR | G178: 100 | H178: 0.0812 | I178: 2 | J178: Fixed | K178: 2020-05-01 | L178: 2027-04-30 | M178: 2024-10-31 | N178: 2.4942 | O178: 7 | P178: 0.0863 | Q178: 99.0812 | R178: 1.5356 | S178: 99.5431 | T178: 1.8854 | U178: 1.8074 | V178: 4.245 | W178: 0.0179 | X178: 1.8074 | Y178: 4.245 | Z178: 129 | AA178: 129 | AB178: 125 | AC178: 2-3Y | AD178: 20000 | AE178: 19816.24 | AF178: 19816.24 | AG178: 0.000618 | AH178: =FALSE() -> FALSE | AJ178: =FALSE() -> FALSE | AK178: =FALSE() -> FALSE | AL178: IN10YT | AM178: 0.9007 | AN178: -0.8901 | AO178: 1.8118 | AP178: -1.7698 | AQ178: 3.6657 | AR178: -3.4975
A179: ZTFI-0178 | B179: IN6879374160 | C179: Sundaram Finance | D179: NBFC | E179: AA- | F179: INR | G179: 100 | H179: 0.09 | I179: 2 | J179: Fixed | K179: 2020-05-02 | L179: 2026-05-01 | M179: 2024-10-31 | N179: 1.4976 | O179: 6 | P179: 0.0952 | Q179: 99.5149 | R179: 0.389 | S179: 101.7297 | T179: 0.9784 | U179: 0.9339 | V179: 1.3275 | W179: 0.0093 | X179: 0.978 | Y179: 1.2894 | Z179: 78 | AA179: 54 | AB179: 77 | AC179: 1-2Y | AD179: 100000 | AE179: 99514.9 | AF179: 99514.9 | AG179: 0.003104 | AH179: =TRUE() -> TRUE | AI179: 2025-07-31 | AJ179: =FALSE() -> FALSE | AK179: =FALSE() -> FALSE | AL179: IN10YT | AM179: 0.4663 | AN179: -0.463 | AO179: 0.936 | AP179: -0.9228 | AQ179: 1.8852 | AR179: -1.8323
A180: ZTFI-0179 | B180: IN1632945116 | C180: Tata Motors Finance | D180: NBFC | E180: AA | F180: INR | G180: 100 | H180: 0.0911 | I180: 2 | J180: Fixed | K180: 2022-09-15 | L180: 2028-09-13 | M180: 2024-10-31 | N180: 3.8686 | O180: 6 | P180: 0.0891 | Q180: 100.5902 | R180: 1.419 | S180: 101.7803 | T180: 3.0758 | U180: 2.9446 | V180: 10.7763 | W180: 0.0296 | X180: 2.9446 | Y180: 10.7763 | Z180: 61 | AA180: 61 | AB180: 69 | AC180: 3-5Y | AD180: 50000 | AE180: 50295.1 | AF180: 50295.1 | AG180: 0.001569 | AH180: =FALSE() -> FALSE | AJ180: =FALSE() -> FALSE | AK180: =FALSE() -> FALSE | AL180: IN10YT | AM180: 1.4945 | AN180: -1.4674 | AO180: 3.0162 | AP180: -2.9078 | AQ180: 6.1408 | AR180: -5.7072
A181: ZTFI-0180 | B181: IN2299911914 | C181: L&T Finance | D181: NBFC | E181: AA | F181: INR | G181: 100 | H181: 0.0973 | I181: 2 | J181: Fixed | K181: 2021-09-14 | L181: 2025-09-13 | M181: 2024-10-31 | N181: 0.8679 | O181: 4 | P181: 0.089 | Q181: 100.3973 | R181: 1.1507 | S181: 100.8162 | T181: 0.5 | U181: 0.4787 | V181: 0.4583 | W181: 0.0048 | X181: 0.4787 | Y181: 0.4583 | Z181: 122 | AA181: 122 | AB181: 129 | AC181: 0-1Y | AD181: 200000 | AE181: 200794.6 | AF181: 200794.6 | AG181: 0.006263 | AH181: =FALSE() -> FALSE | AJ181: =FALSE() -> FALSE | AK181: =FALSE() -> FALSE | AL181: IN10YT | AM181: 0.2409 | AN181: -0.2397 | AO181: 0.4829 | AP181: -0.4783 | AQ181: 0.9704 | AR181: -0.952
A182: ZTFI-0181 | B182: IN9606530745 | C182: Muthoot Finance | D182: NBFC | E182: AA- | F182: INR | G182: 100 | H182: 0.0804 | I182: 2 | J182: Fixed | K182: 2023-05-28 | L182: 2027-05-27 | M182: 2024-10-31 | N182: 2.5681 | O182: 4 | P182: 0.0976 | Q182: 96.2643 | R182: 1.9547 | S182: 96.7225 | T182: 2.31 | U182: 2.2025 | V182: 6.1313 | W182: 0.0212 | X182: 2.2025 | Y182: 6.1313 | Z182: 149 | AA182: 149 | AB182: 153 | AC182: 2-3Y | AD182: 500000 | AE182: 481321.5 | AF182: 481321.5 | AG182: 0.015013 | AH182: =FALSE() -> FALSE | AJ182: =FALSE() -> FALSE | AK182: =FALSE() -> FALSE | AL182: IN10YT | AM182: 1.0675 | AN182: -1.0527 | AO182: 2.1497 | AP182: -2.0907 | AQ182: 4.3585 | AR182: -4.1224
A183: ZTFI-0182 | B183: IN4691373678 | C183: IIFL Finance | D183: NBFC | E183: AA | F183: INR | G183: 100 | H183: 0.0973 | I183: 2 | J183: Fixed | K183: 2023-10-27 | L183: 2025-10-26 | M183: 2024-10-31 | N183: 0.9856 | O183: 2 | P183: 0.0874 | Q183: 100.4743 | R183: 0.33 | S183: 102.5451 | T183: 0.5 | U183: 0.4791 | V183: 0.459 | W183: 0.0048 | X183: 0.4791 | Y183: 0.459 | Z183: 150 | AA183: 150 | AB183: 145 | AC183: 0-1Y | AD183: 20000 | AE183: 20094.86 | AF183: 20094.86 | AG183: 0.000627 | AH183: =FALSE() -> FALSE | AJ183: =FALSE() -> FALSE | AK183: =FALSE() -> FALSE | AL183: IN10YT | AM183: 0.2413 | AN183: -0.2401 | AO183: 0.4837 | AP183: -0.4791 | AQ183: 0.972 | AR183: -0.9535
A184: ZTFI-0183 | B184: IN3030705345 | C184: Muthoot Finance | D184: NBFC | E184: AA+ | F184: INR | G184: 100 | H184: 0.0965 | I184: 2 | J184: Fixed | K184: 2022-05-09 | L184: 2028-05-07 | M184: 2024-10-31 | N184: 3.5154 | O184: 6 | P184: 0.0988 | Q184: 99.3331 | R184: 1.1792 | S184: 100.4093 | T184: 3.0504 | U184: 2.9068 | V184: 10.5568 | W184: 0.0289 | X184: 2.9068 | Y184: 10.5568 | Z184: 63 | AA184: 63 | AB184: 73 | AC184: 3-5Y | AD184: 200000 | AE184: 198666.2 | AF184: 198666.2 | AG184: 0.006197 | AH184: =FALSE() -> FALSE | AJ184: =FALSE() -> FALSE | AK184: =FALSE() -> FALSE | AL184: IN10YT | AM184: 1.4568 | AN184: -1.4306 | AO184: 2.9398 | AP184: -2.835 | AQ184: 5.9846 | AR184: -5.5651
A185: ZTFI-0184 | B185: IN2414060293 | C185: Cholamandalam | D185: NBFC | E185: AA | F185: INR | G185: 100 | H185: 0.0971 | I185: 2 | J185: Fixed | K185: 2022-12-26 | L185: 2029-12-24 | M185: 2024-10-31 | N185: 5.1472 | O185: 7 | P185: 0.0881 | Q185: 103.5774 | R185: 2.0989 | S185: 105.9251 | T185: 4.0955 | U185: 3.9227 | V185: 19.2284 | W185: 0.0406 | X185: 3.9227 | Y185: 19.2284 | Z185: 112 | AA185: 112 | AB185: 107 | AC185: 5-7Y | AD185: 200000 | AE185: 207154.8 | AF185: 207154.8 | AG185: 0.006462 | AH185: =FALSE() -> FALSE | AJ185: =FALSE() -> FALSE | AK185: =FALSE() -> FALSE | AL185: IN10YT | AM185: 2.0564 | AN185: -2.0066 | AO185: 4.1626 | AP185: -3.9634 | AQ185: 8.5244 | AR185: -7.7277
A186: ZTFI-0185 | B186: IN2903494466 | C186: IIFL Finance | D186: NBFC | E186: AA+ | F186: INR | G186: 100 | H186: 0.097 | I186: 2 | J186: Fixed | K186: 2023-04-30 | L186: 2028-04-28 | M186: 2024-10-31 | N186: 3.4908 | O186: 5 | P186: 0.092 | Q186: 101.2853 | R186: 0.9631 | S186: 101.5334 | T186: 2.6761 | U186: 2.5584 | V186: 8.2256 | W186: 0.0259 | X186: 2.5584 | Y186: 8.2256 | Z186: 126 | AA186: 126 | AB186: 132 | AC186: 3-5Y | AD186: 200000 | AE186: 202570.6 | AF186: 202570.6 | AG186: 0.006319 | AH186: =FALSE() -> FALSE | AJ186: =FALSE() -> FALSE | AK186: =FALSE() -> FALSE | AL186: IN10YT | AM186: 1.3061 | AN186: -1.2852 | AO186: 2.6329 | AP186: -2.5496 | AQ186: 5.3492 | AR186: -5.0159
A187: ZTFI-0186 | B187: IN1715454443 | C187: Mahindra Finance | D187: NBFC | E187: AA | F187: INR | G187: 100 | H187: 0.083 | I187: 2 | J187: Fixed | K187: 2022-07-15 | L187: 2025-07-14 | M187: 2024-10-31 | N187: 0.7009 | O187: 3 | P187: 0.0971 | Q187: 99.3276 | R187: 0.6631 | S187: 99.618 | T187: 0.5 | U187: 0.4768 | V187: 0.4548 | W187: 0.0047 | X187: 0.4768 | Y187: 0.4548 | Z187: 136 | AA187: 136 | AB187: 131 | AC187: 0-1Y | AD187: 500000 | AE187: 496638 | AF187: 496638 | AG187: 0.015491 | AH187: =FALSE() -> FALSE | AJ187: =FALSE() -> FALSE | AK187: =FALSE() -> FALSE | AL187: IN10YT | AM187: 0.2374 | AN187: -0.2362 | AO187: 0.4759 | AP187: -0.4713 | AQ187: 0.9562 | AR187: -0.9382
A188: ZTFI-0187 | B188: IN4666099353 | C188: IIFL Finance | D188: NBFC | E188: AA | F188: INR | G188: 100 | H188: 0.0937 | I188: 2 | J188: Fixed | K188: 2019-08-18 | L188: 2026-08-16 | M188: 2024-10-31 | N188: 1.7906 | O188: 7 | P188: 0.0986 | Q188: 99.3319 | R188: 1.9804 | S188: 101.3011 | T188: 1.4336 | U188: 1.3662 | V188: 2.5643 | W188: 0.0136 | X188: 1.3662 | Y188: 2.5643 | Z188: 105 | AA188: 105 | AB188: 105 | AC188: 1-2Y | AD188: 200000 | AE188: 198663.8 | AF188: 198663.8 | AG188: 0.006197 | AH188: =FALSE() -> FALSE | AJ188: =FALSE() -> FALSE | AK188: =FALSE() -> FALSE | AL188: IN10YT | AM188: 0.6817 | AN188: -0.6754 | AO188: 1.3698 | AP188: -1.3443 | AQ188: 2.7651 | AR188: -2.6632
A189: ZTFI-0188 | B189: IN7248251353 | C189: Mahindra Finance | D189: NBFC | E189: AA+ | F189: INR | G189: 100 | H189: 0.0949 | I189: 2 | J189: Fixed | K189: 2023-01-28 | L189: 2027-01-27 | M189: 2024-10-31 | N189: 2.2396 | O189: 4 | P189: 0.0983 | Q189: 99.396 | R189: 1.1003 | S189: 99.6754 | T189: 1.8677 | U189: 1.7802 | V189: 4.1435 | W189: 0.0177 | X189: 1.7802 | Y189: 4.1435 | Z189: 93 | AA189: 93 | AB189: 89 | AC189: 2-3Y | AD189: 20000 | AE189: 19879.2 | AF189: 19879.2 | AG189: 0.00062 | AH189: =FALSE() -> FALSE | AJ189: =FALSE() -> FALSE | AK189: =FALSE() -> FALSE | AL189: IN10YT | AM189: 0.8899 | AN189: -0.8796 | AO189: 1.79 | AP189: -1.7489 | AQ189: 3.6213 | AR189: -3.4565
A190: ZTFI-0189 | B190: IN3816846022 | C190: L&T Finance | D190: NBFC | E190: AA | F190: INR | G190: 100 | H190: 0.0998 | I190: 2 | J190: Fixed | K190: 2023-02-09 | L190: 2027-02-08 | M190: 2024-10-31 | N190: 2.2724 | O190: 4 | P190: 0.0935 | Q190: 101.1255 | R190: 1.7856 | S190: 103.069 | T190: 1.8627 | U190: 1.7795 | V190: 4.1474 | W190: 0.018 | X190: 1.7795 | Y190: 4.1474 | Z190: 78 | AA190: 78 | AB190: 88 | AC190: 2-3Y | AD190: 50000 | AE190: 50562.75 | AF190: 50562.75 | AG190: 0.001577 | AH190: =FALSE() -> FALSE | AJ190: =FALSE() -> FALSE | AK190: =FALSE() -> FALSE | AL190: IN10YT | AM190: 0.905 | AN190: -0.8945 | AO190: 1.8205 | AP190: -1.7786 | AQ190: 3.6829 | AR190: -3.5152
A191: ZTFI-0190 | B191: IN2500743292 | C191: Cholamandalam | D191: NBFC | E191: AA- | F191: INR | G191: 100 | H191: 0.0898 | I191: 2 | J191: Fixed | K191: 2024-03-16 | L191: 2026-03-16 | M191: 2024-10-31 | N191: 1.3717 | O191: 2 | P191: 0.0915 | Q191: 99.841 | R191: 1.0718 | S191: 99.8515 | T191: 0.9785 | U191: 0.9357 | V191: 1.3323 | W191: 0.0093 | X191: 0.9357 | Y191: 1.3323 | Z191: 111 | AA191: 111 | AB191: 112 | AC191: 1-2Y | AD191: 50000 | AE191: 49920.5 | AF191: 49920.5 | AG191: 0.001557 | AH191: =FALSE() -> FALSE | AJ191: =FALSE() -> FALSE | AK191: =FALSE() -> FALSE | AL191: IN10YT | AM191: 0.4688 | AN191: -0.4654 | AO191: 0.9409 | AP191: -0.9276 | AQ191: 1.895 | AR191: -1.8418
A192: ZTFI-0191 | B192: IN5830033542 | C192: Cholamandalam | D192: NBFC | E192: AA+ | F192: INR | G192: 100 | H192: 0.0821 | I192: 2 | J192: Fixed | K192: 2021-05-24 | L192: 2027-05-23 | M192: 2024-10-31 | N192: 2.5572 | O192: 6 | P192: 0.0875 | Q192: 98.8106 | R192: 0.5969 | S192: 100.3045 | T192: 2.3092 | U192: 2.2124 | V192: 6.1874 | W192: 0.0219 | X192: 2.2124 | Y192: 6.1874 | Z192: 65 | AA192: 65 | AB192: 70 | AC192: 2-3Y | AD192: 500000 | AE192: 494053 | AF192: 494053 | AG192: 0.015411 | AH192: =FALSE() -> FALSE | AJ192: =FALSE() -> FALSE | AK192: =FALSE() -> FALSE | AL192: IN10YT | AM192: 1.1007 | AN192: -1.0854 | AO192: 2.2167 | AP192: -2.1555 | AQ192: 4.4944 | AR192: -4.2499
A193: ZTFI-0192 | B193: IN2575326033 | C193: Sundaram Finance | D193: NBFC | E193: AA- | F193: INR | G193: 100 | H193: 0.0945 | I193: 2 | J193: Fixed | K193: 2023-11-30 | L193: 2026-11-29 | M193: 2024-10-31 | N193: 2.078 | O193: 3 | P193: 0.0853 | Q193: 101.6594 | R193: 1.8714 | S193: 102.5458 | T193: 1.8699 | U193: 1.7934 | V193: 4.2017 | W193: 0.0182 | X193: 1.8186 | Y193: 4.0575 | Z193: 81 | AA193: 51 | AB193: 77 | AC193: 2-3Y | AD193: 100000 | AE193: 101659.4 | AF193: 101659.4 | AG193: 0.003171 | AH193: =TRUE() -> TRUE | AI193: 2025-11-14 | AJ193: =FALSE() -> FALSE | AK193: =FALSE() -> FALSE | AL193: IN10YT | AM193: 0.9169 | AN193: -0.9062 | AO193: 1.8445 | AP193: -1.8018 | AQ193: 3.7317 | AR193: -3.5609
A194: ZTFI-0193 | B194: IN1001676184 | C194: Tata Motors Finance | D194: NBFC | E194: AA- | F194: INR | G194: 100 | H194: 0.0895 | I194: 2 | J194: Fixed | K194: 2023-12-04 | L194: 2026-12-03 | M194: 2024-10-31 | N194: 2.089 | O194: 3 | P194: 0.0953 | Q194: 98.966 | R194: 0.2259 | S194: 100.1302 | T194: 1.8744 | U194: 1.7891 | V194: 4.1755 | W194: 0.0177 | X194: 1.7891 | Y194: 4.1755 | Z194: 98 | AA194: 98 | AB194: 97 | AC194: 2-3Y | AD194: 5000 | AE194: 4948.3 | AF194: 4948.3 | AG194: 0.000154 | AH194: =FALSE() -> FALSE | AJ194: =FALSE() -> FALSE | AK194: =FALSE() -> FALSE | AL194: IN10YT | AM194: 0.8905 | AN194: -0.8801 | AO194: 1.7913 | AP194: -1.7499 | AQ194: 3.6238 | AR194: -3.4586
A195: ZTFI-0194 | B195: IN8914117393 | C195: Sundaram Finance | D195: NBFC | E195: AA+ | F195: INR | G195: 100 | H195: 0.0956 | I195: 2 | J195: Fixed | K195: 2019-06-22 | L195: 2025-06-20 | M195: 2024-10-31 | N195: 0.6352 | O195: 6 | P195: 0.0904 | Q195: 100.2488 | R195: 1.3101 | S195: 102.4246 | T195: 0.5 | U195: 0.4784 | V195: 0.4577 | W195: 0.0048 | X195: 0.4784 | Y195: 0.4577 | Z195: 97 | AA195: 97 | AB195: 107 | AC195: 0-1Y | AD195: 50000 | AE195: 50124.4 | AF195: 50124.4 | AG195: 0.001563 | AH195: =FALSE() -> FALSE | AJ195: =FALSE() -> FALSE | AK195: =FALSE() -> FALSE | AL195: IN10YT | AM195: 0.2404 | AN195: -0.2392 | AO195: 0.4819 | AP195: -0.4773 | AQ195: 0.9684 | AR195: -0.95
A196: ZTFI-0195 | B196: IN0011972181 | C196: Cholamandalam | D196: NBFC | E196: AA+ | F196: INR | G196: 100 | H196: 0.0945 | I196: 2 | J196: Fixed | K196: 2023-06-07 | L196: 2025-06-06 | M196: 2024-10-31 | N196: 0.5969 | O196: 2 | P196: 0.0947 | Q196: 99.9905 | R196: 0.1183 | S196: 101.9116 | T196: 0.5 | U196: 0.4774 | V196: 0.4558 | W196: 0.0048 | X196: 0.4774 | Y196: 0.4558 | Z196: 97 | AA196: 97 | AB196: 93 | AC196: 0-1Y | AD196: 50000 | AE196: 49995.25 | AF196: 49995.25 | AG196: 0.001559 | AH196: =FALSE() -> FALSE | AJ196: =FALSE() -> FALSE | AK196: =FALSE() -> FALSE | AL196: IN10YT | AM196: 0.2392 | AN196: -0.2381 | AO196: 0.4796 | AP196: -0.4751 | AQ196: 0.9638 | AR196: -0.9456
A197: ZTFI-0196 | B197: IN5611002255 | C197: Mahindra Finance | D197: NBFC | E197: AA | F197: INR | G197: 100 | H197: 0.0979 | I197: 2 | J197: Fixed | K197: 2022-12-29 | L197: 2028-12-27 | M197: 2024-10-31 | N197: 4.1561 | O197: 6 | P197: 0.096 | Q197: 100.619 | R197: 0.9809 | S197: 102.9743 | T197: 3.4064 | U197: 3.2504 | V197: 13.1829 | W197: 0.0327 | X197: 3.2504 | Y197: 13.1829 | Z197: 103 | AA197: 103 | AB197: 106 | AC197: 3-5Y | AD197: 20000 | AE197: 20123.8 | AF197: 20123.8 | AG197: 0.000628 | AH197: =FALSE() -> FALSE | AJ197: =FALSE() -> FALSE | AK197: =FALSE() -> FALSE | AL197: IN10YT | AM197: 1.6518 | AN197: -1.6187 | AO197: 3.3368 | AP197: -3.2042 | AQ197: 6.8063 | AR197: -6.2757
A198: ZTFI-0197 | B198: IN7621202169 | C198: Sundaram Finance | D198: NBFC | E198: AA- | F198: INR | G198: 100 | H198: 0.0897 | I198: 2 | J198: Fixed | K198: 2020-12-11 | L198: 2026-12-10 | M198: 2024-10-31 | N198: 2.1081 | O198: 6 | P198: 0.0877 | Q198: 100.3597 | R198: 1.9343 | S198: 102.333 | T198: 1.8751 | U198: 1.7963 | V198: 4.2081 | W198: 0.018 | X198: 1.7963 | Y198: 4.2081 | Z198: 105 | AA198: 105 | AB198: 104 | AC198: 2-3Y | AD198: 50000 | AE198: 50179.85 | AF198: 50179.85 | AG198: 0.001565 | AH198: =FALSE() -> FALSE | AJ198: =FALSE() -> FALSE | AK198: =FALSE() -> FALSE | AL198: IN10YT | AM198: 0.9067 | AN198: -0.8961 | AO198: 1.8239 | AP198: -1.7816 | AQ198: 3.69 | AR198: -3.5211
A199: ZTFI-0198 | B199: IN1670145089 | C199: IIFL Finance | D199: NBFC | E199: AA | F199: INR | G199: 100 | H199: 0.0945 | I199: 2 | J199: Fixed | K199: 2022-05-19 | L199: 2025-05-18 | M199: 2024-10-31 | N199: 0.5448 | O199: 3 | P199: 0.095 | Q199: 99.9761 | R199: 1.6551 | S199: 100.2011 | T199: 0.5 | U199: 0.4773 | V199: 0.4557 | W199: 0.0048 | X199: 0.4773 | Y199: 0.4557 | Z199: 126 | AA199: 126 | AB199: 128 | AC199: 0-1Y | AD199: 20000 | AE199: 19995.22 | AF199: 19995.22 | AG199: 0.000624 | AH199: =FALSE() -> FALSE | AJ199: =FALSE() -> FALSE | AK199: =FALSE() -> FALSE | AL199: IN10YT | AM199: 0.2392 | AN199: -0.238 | AO199: 0.4795 | AP199: -0.4749 | AQ199: 0.9635 | AR199: -0.9453
A200: ZTFI-0199 | B200: IN6289002877 | C200: IIFL Finance | D200: NBFC | E200: AA | F200: INR | G200: 100 | H200: 0.0974 | I200: 2 | J200: Fixed | K200: 2023-08-02 | L200: 2025-08-01 | M200: 2024-10-31 | N200: 0.7502 | O200: 2 | P200: 0.0898 | Q200: 100.3637 | R200: 1.3405 | S200: 101.2857 | T200: 0.5 | U200: 0.4785 | V200: 0.458 | W200: 0.0048 | X200: 0.4937 | Y200: 0.3947 | Z200: 95 | AA200: 78 | AB200: 104 | AC200: 0-1Y | AD200: 20000 | AE200: 20072.74 | AF200: 20072.74 | AG200: 0.000626 | AH200: =TRUE() -> TRUE | AI200: 2025-03-16 | AJ200: =FALSE() -> FALSE | AK200: =FALSE() -> FALSE | AL200: IN10YT | AM200: 0.2407 | AN200: -0.2395 | AO200: 0.4825 | AP200: -0.4779 | AQ200: 0.9697 | AR200: -0.9513
A201: ZTFI-0200 | B201: IN7751701660 | C201: IIFL Finance | D201: NBFC | E201: AA+ | F201: INR | G201: 100 | H201: 0.0911 | I201: 2 | J201: Fixed | K201: 2023-07-06 | L201: 2025-07-05 | M201: 2024-10-31 | N201: 0.6762 | O201: 2 | P201: 0.0969 | Q201: 99.7234 | R201: 1.1577 | S201: 100.1945 | T201: 0.5 | U201: 0.4769 | V201: 0.4549 | W201: 0.0048 | X201: 0.4769 | Y201: 0.4549 | Z201: 141 | AA201: 141 | AB201: 150 | AC201: 0-1Y | AD201: 100000 | AE201: 99723.4 | AF201: 99723.4 | AG201: 0.003111 | AH201: =FALSE() -> FALSE | AJ201: =FALSE() -> FALSE | AK201: =FALSE() -> FALSE | AL201: IN10YT | AM201: 0.2384 | AN201: -0.2372 | AO201: 0.4778 | AP201: -0.4733 | AQ201: 0.9602 | AR201: -0.9421
A202: ZTFI-0201 | B202: IN3758997571 | C202: Adani Ports | D202: Energy | E202: A | F202: INR | G202: 100 | H202: 0.0929 | I202: 2 | J202: Fixed | K202: 2024-04-30 | L202: 2027-04-30 | M202: 2024-10-31 | N202: 2.4942 | O202: 3 | P202: 0.1039 | Q202: 98.0585 | R202: 0.8684 | S202: 98.3054 | T202: 1.8693 | U202: 1.777 | V202: 4.1263 | W202: 0.0174 | X202: 1.777 | Y202: 4.1263 | Z202: 194 | AA202: 194 | AB202: 194 | AC202: 2-3Y | AD202: 200000 | AE202: 196117 | AF202: 196117 | AG202: 0.006117 | AH202: =FALSE() -> FALSE | AJ202: =FALSE() -> FALSE | AK202: =FALSE() -> FALSE | AL202: IN10YT | AM202: 0.8763 | AN202: -0.8662 | AO202: 1.7627 | AP202: -1.7223 | AQ202: 3.5659 | AR202: -3.4041
A203: ZTFI-0202 | B203: IN6149331637 | C203: Dalmia Bharat | D203: Infrastructure | E203: A+ | F203: INR | G203: 100 | H203: 0.1147 | I203: 2 | J203: Fixed | K203: 2022-11-26 | L203: 2025-11-25 | M203: 2024-10-31 | N203: 1.0678 | O203: 3 | P203: 0.0977 | Q203: 101.5831 | R203: 2.4014 | S203: 103.2715 | T203: 0.9731 | U203: 0.9278 | V203: 1.3146 | W203: 0.0094 | X203: 0.9278 | Y203: 1.3146 | Z203: 131 | AA203: 131 | AB203: 140 | AC203: 1-2Y | AD203: 50000 | AE203: 50791.55 | AF203: 50791.55 | AG203: 0.001584 | AH203: =FALSE() -> FALSE | AJ203: =FALSE() -> FALSE | AK203: =FALSE() -> FALSE | AL203: IN10YT | AM203: 0.4729 | AN203: -0.4696 | AO203: 0.9492 | AP203: -0.9358 | AQ203: 1.9117 | AR203: -1.8583
...

Sheet Portfolio_Summary
B2: Bond Portfolio Convexity Sensitivity — Risk Summary
B3: All KPIs are live formulas referencing Bond_Data — recalculates if source data changes
B4: Key Risk Indicators
B5: Total Market Value (INR) | D5: =SUM(Bond_Data!AF2:AF301) -> 32059346
B6: Number of Bonds | D6: =COUNTA(Bond_Data!A2:A301) -> 300
B7: Portfolio Modified Duration (yrs) | D7: =SUMPRODUCT(Bond_Data!AF2:AF301,Bond_Data!U2:U301)/SUM(Bond_Data!AF2:AF301) -> 4.2031277
B8: Portfolio Macaulay Duration (yrs) | D8: =SUMPRODUCT(Bond_Data!AF2:AF301,Bond_Data!T2:T301)/SUM(Bond_Data!AF2:AF301) -> 4.3348287
B9: Portfolio Convexity | D9: =SUMPRODUCT(Bond_Data!AF2:AF301,Bond_Data!V2:V301)/SUM(Bond_Data!AF2:AF301) -> 44.061199
B10: Portfolio DV01 (INR / 1bp) | D10: =SUMPRODUCT(Bond_Data!W2:W301,Bond_Data!AD2:AD301)/100 -> 8948.2485
B11: Portfolio Yield to Maturity (wtd, %) | D11: =SUMPRODUCT(Bond_Data!AF2:AF301,Bond_Data!P2:P301)/SUM(Bond_Data!AF2:AF301)*100 -> 7.2814237
B14: Parallel Shift Price Sensitivity (Duration + Convexity Approximation)
B15: Shift (bps) | C15: Est. Price Change (%) | D15: Est. P&L (INR)
B16: -200 | C16: =(-$D$7*(B16/10000)+0.5*$D$9*(B16/10000)^2)*100 -> 9.2874793 | D16: =C16/100*$D$5 -> 2977505.1
B17: -100 | C17: =(-$D$7*(B17/10000)+0.5*$D$9*(B17/10000)^2)*100 -> 4.4234337 | D17: =C17/100*$D$5 -> 1418123.9
B18: -50 | C18: =(-$D$7*(B18/10000)+0.5*$D$9*(B18/10000)^2)*100 -> 2.1566403 | D18: =C18/100*$D$5 -> 691404.78
B19: -25 | C19: =(-$D$7*(B19/10000)+0.5*$D$9*(B19/10000)^2)*100 -> 1.064551 | D19: =C19/100*$D$5 -> 341288.1
B20: 25 | C20: =(-$D$7*(B20/10000)+0.5*$D$9*(B20/10000)^2)*100 -> -1.0370128 | D20: =C20/100*$D$5 -> -332459.52
B21: 50 | C21: =(-$D$7*(B21/10000)+0.5*$D$9*(B21/10000)^2)*100 -> -2.0464873 | D21: =C21/100*$D$5 -> -656090.45
B22: 100 | C22: =(-$D$7*(B22/10000)+0.5*$D$9*(B22/10000)^2)*100 -> -3.9828217 | D22: =C22/100*$D$5 -> -1276866.6
B23: 200 | C23: =(-$D$7*(B23/10000)+0.5*$D$9*(B23/10000)^2)*100 -> -7.5250313 | D23: =C23/100*$D$5 -> -2412475.8

Sheet Bucket_Exposure
B2: Key-Rate Bucket Exposure (formula-driven via SUMIFS)
B4: Bucket | C4: Market Value (INR) | D4: Weight (%) | E4: Wtd. Avg Duration | F4: Wtd. Avg Convexity
B5: 0-1Y | C5: =SUMIFS(Bond_Data!AF2:AF301,Bond_Data!AC2:AC301,B5) -> 3014988.4 | D5: =C5/SUM(Bond_Data!AF2:AF301)*100 -> 9.4043978 | E5: =SUMPRODUCT((Bond_Data!AC2:AC301=B5)*Bond_Data!AF2:AF301,Bond_Data!U2:U301)/SUMIFS(Bond_Data!AF2:AF301,Bond_Data!AC2:AC301,B5) -> 0.48123877 | F5: =SUMPRODUCT((Bond_Data!AC2:AC301=B5)*Bond_Data!AF2:AF301,Bond_Data!V2:V301)/SUMIFS(Bond_Data!AF2:AF301,Bond_Data!AC2:AC301,B5) -> 0.4632207
B6: 1-2Y | C6: =SUMIFS(Bond_Data!AF2:AF301,Bond_Data!AC2:AC301,B6) -> 6162504.2 | D6: =C6/SUM(Bond_Data!AF2:AF301)*100 -> 19.222177 | E6: =SUMPRODUCT((Bond_Data!AC2:AC301=B6)*Bond_Data!AF2:AF301,Bond_Data!U2:U301)/SUMIFS(Bond_Data!AF2:AF301,Bond_Data!AC2:AC301,B6) -> 1.0998024 | F6: =SUMPRODUCT((Bond_Data!AC2:AC301=B6)*Bond_Data!AF2:AF301,Bond_Data!V2:V301)/SUMIFS(Bond_Data!AF2:AF301,Bond_Data!AC2:AC301,B6) -> 1.8012436
B7: 2-3Y | C7: =SUMIFS(Bond_Data!AF2:AF301,Bond_Data!AC2:AC301,B7) -> 6913492.4 | D7: =C7/SUM(Bond_Data!AF2:AF301)*100 -> 21.564671 | E7: =SUMPRODUCT((Bond_Data!AC2:AC301=B7)*Bond_Data!AF2:AF301,Bond_Data!U2:U301)/SUMIFS(Bond_Data!AF2:AF301,Bond_Data!AC2:AC301,B7) -> 2.0103671 | F7: =SUMPRODUCT((Bond_Data!AC2:AC301=B7)*Bond_Data!AF2:AF301,Bond_Data!V2:V301)/SUMIFS(Bond_Data!AF2:AF301,Bond_Data!AC2:AC301,B7) -> 5.1989007
B8: 3-5Y | C8: =SUMIFS(Bond_Data!AF2:AF301,Bond_Data!AC2:AC301,B8) -> 4701036.7 | D8: =C8/SUM(Bond_Data!AF2:AF301)*100 -> 14.663545 | E8: =SUMPRODUCT((Bond_Data!AC2:AC301=B8)*Bond_Data!AF2:AF301,Bond_Data!U2:U301)/SUMIFS(Bond_Data!AF2:AF301,Bond_Data!AC2:AC301,B8) -> 2.9523074 | F8: =SUMPRODUCT((Bond_Data!AC2:AC301=B8)*Bond_Data!AF2:AF301,Bond_Data!V2:V301)/SUMIFS(Bond_Data!AF2:AF301,Bond_Data!AC2:AC301,B8) -> 10.869606
B9: 5-7Y | C9: =SUMIFS(Bond_Data!AF2:AF301,Bond_Data!AC2:AC301,B9) -> 2713024.6 | D9: =C9/SUM(Bond_Data!AF2:AF301)*100 -> 8.4625078 | E9: =SUMPRODUCT((Bond_Data!AC2:AC301=B9)*Bond_Data!AF2:AF301,Bond_Data!U2:U301)/SUMIFS(Bond_Data!AF2:AF301,Bond_Data!AC2:AC301,B9) -> 4.5842868 | F9: =SUMPRODUCT((Bond_Data!AC2:AC301=B9)*Bond_Data!AF2:AF301,Bond_Data!V2:V301)/SUMIFS(Bond_Data!AF2:AF301,Bond_Data!AC2:AC301,B9) -> 25.383381
B10: 7-10Y | C10: =SUMIFS(Bond_Data!AF2:AF301,Bond_Data!AC2:AC301,B10) -> 2256811 | D10: =C10/SUM(Bond_Data!AF2:AF301)*100 -> 7.0394792 | E10: =SUMPRODUCT((Bond_Data!AC2:AC301=B10)*Bond_Data!AF2:AF301,Bond_Data!U2:U301)/SUMIFS(Bond_Data!AF2:AF301,Bond_Data!AC2:AC301,B10) -> 6.5334457 | F10: =SUMPRODUCT((Bond_Data!AC2:AC301=B10)*Bond_Data!AF2:AF301,Bond_Data!V2:V301)/SUMIFS(Bond_Data!AF2:AF301,Bond_Data!AC2:AC301,B10) -> 53.086049
B11: 10-15Y | C11: =SUMIFS(Bond_Data!AF2:AF301,Bond_Data!AC2:AC301,B11) -> 1944555 | D11: =C11/SUM(Bond_Data!AF2:AF301)*100 -> 6.0654857 | E11: =SUMPRODUCT((Bond_Data!AC2:AC301=B11)*Bond_Data!AF2:AF301,Bond_Data!U2:U301)/SUMIFS(Bond_Data!AF2:AF301,Bond_Data!AC2:AC301,B11) -> 9.0738398 | F11: =SUMPRODUCT((Bond_Data!AC2:AC301=B11)*Bond_Data!AF2:AF301,Bond_Data!V2:V301)/SUMIFS(Bond_Data!AF2:AF301,Bond_Data!AC2:AC301,B11) -> 101.88921
B12: 15-20Y | C12: =SUMIFS(Bond_Data!AF2:AF301,Bond_Data!AC2:AC301,B12) -> 2541587 | D12: =C12/SUM(Bond_Data!AF2:AF301)*100 -> 7.9277567 | E12: =SUMPRODUCT((Bond_Data!AC2:AC301=B12)*Bond_Data!AF2:AF301,Bond_Data!U2:U301)/SUMIFS(Bond_Data!AF2:AF301,Bond_Data!AC2:AC301,B12) -> 12.367526 | F12: =SUMPRODUCT((Bond_Data!AC2:AC301=B12)*Bond_Data!AF2:AF301,Bond_Data!V2:V301)/SUMIFS(Bond_Data!AF2:AF301,Bond_Data!AC2:AC301,B12) -> 194.19406
B13: 20Y+ | C13: =SUMIFS(Bond_Data!AF2:AF301,Bond_Data!AC2:AC301,B13) -> 1811346.6 | D13: =C13/SUM(Bond_Data!AF2:AF301)*100 -> 5.64998 | E13: =SUMPRODUCT((Bond_Data!AC2:AC301=B13)*Bond_Data!AF2:AF301,Bond_Data!U2:U301)/SUMIFS(Bond_Data!AF2:AF301,Bond_Data!AC2:AC301,B13) -> 12.412718 | F13: =SUMPRODUCT((Bond_Data!AC2:AC301=B13)*Bond_Data!AF2:AF301,Bond_Data!V2:V301)/SUMIFS(Bond_Data!AF2:AF301,Bond_Data!AC2:AC301,B13) -> 238.86886

Sheet Scenario_Data
A1: ScenarioID | B1: ParallelShift_bps | C1: TwistFactor_bps | D1: ButterflyFactor_bps | E1: PnL_DurationEffect_INR | F1: PnL_ConvexityEffect_INR | G1: PnL_Total_INR | H1: PnL_Pct | I1: VaR_Contribution
A2: 1 | B2: -50.28 | C2: -43.61 | D2: -6.73 | E2: 677553.73 | F2: 17857.27 | G2: 695411.01 | H2: 2.1691 | I2: 695411.01
A3: 2 | B3: -103.23 | C3: -5.91 | D3: 3.08 | E3: 1391064.4 | F3: 75270.04 | G3: 1466334.5 | H3: 4.5738 | I3: 1466334.5
A4: 3 | B4: -48.2 | C4: 35.5 | D4: -36.27 | E4: 649560.04 | F4: 16412.18 | G4: 665972.21 | H4: 2.0773 | I4: 665972.21
A5: 4 | B5: 43.03 | C5: 22.37 | D5: 61.3 | E5: -579832.59 | F5: 13077.75 | G5: -566754.84 | H5: -1.7678 | I5: 566754.84
A6: 5 | B6: -5.52 | C6: -51.75 | D6: -16.79 | E6: 74315.99 | F6: 214.83 | G6: 74530.82 | H6: 0.2325 | I6: 74530.82
A7: 6 | B7: 21.14 | C7: -14.71 | D7: -63.45 | E7: -284869.2 | F7: 3156.59 | G7: -281712.6 | H7: -0.8787 | I7: 281712.6
A8: 7 | B8: -13.86 | C8: -51.24 | D8: 20.73 | E8: 186765.86 | F8: 1356.82 | G8: 188122.68 | H8: 0.5868 | I8: 188122.68
A9: 8 | B9: -115.97 | C9: 26.34 | D9: 20.02 | E9: 1562717.1 | F9: 94992.29 | G9: 1657709.4 | H9: 5.1708 | I9: 1657709.4
A10: 9 | B10: 121.75 | C10: -4.45 | D10: -35.68 | E10: -1640530.6 | F10: 104687.86 | G10: -1535842.8 | H10: -4.7906 | I10: 1535842.8
A11: 10 | B11: 199.91 | C11: -40.87 | D11: -15.71 | E11: -2693721.3 | F11: 282249.35 | G11: -2411471.9 | H11: -7.5219 | I11: 2411471.9
A12: 11 | B12: 142.59 | C12: 2.97 | D12: -2.72 | E12: -1921380.2 | F12: 143599.93 | G12: -1777780.2 | H12: -5.5453 | I12: 1777780.2
A13: 12 | B13: 61.34 | C13: -62.95 | D13: 9.16 | E13: -826579.46 | F13: 26576.44 | G13: -800003.02 | H13: -2.4954 | I13: 800003.02
... A1001: 1000 | B1001: 10.38 | C1001: -120.08 | D1001: -12.55 | E1001: -139811.36 | F1001: 760.35 | G1001: -139051.01 | H1001: -0.4337 | I1001: 139051.01

Sheet VaR_Analysis
B2: Monte Carlo VaR / CVaR Analysis (1,000 simulated scenarios)
B4: Confidence Level | C4: VaR (INR) | D4: VaR (%) | E4: CVaR / Expected Shortfall (INR) | F4: CVaR (%)
B5: 0.9 | C5: =-PERCENTILE(Scenario_Data!G2:G1001,1-B5) -> 1467734.1 | D5: =-PERCENTILE(Scenario_Data!H2:H1001,1-B5) -> 4.57821 | E5: =-AVERAGEIF(Scenario_Data!G2:G1001,"<="&(-C5),Scenario_Data!G2:G1001) -> 2033195.5 | F5: =-AVERAGEIF(Scenario_Data!H2:H1001,"<="&(-D5),Scenario_Data!H2:H1001) -> 6.341968
B6: 0.95 | C6: =-PERCENTILE(Scenario_Data!G2:G1001,1-B6) -> 1976671.4 | D6: =-PERCENTILE(Scenario_Data!H2:H1001,1-B6) -> 6.165655 | E6: =-AVERAGEIF(Scenario_Data!G2:G1001,"<="&(-C6),Scenario_Data!G2:G1001) -> 2377153.7 | F6: =-AVERAGEIF(Scenario_Data!H2:H1001,"<="&(-D6),Scenario_Data!H2:H1001) -> 7.414846
B7: 0.99 | C7: =-PERCENTILE(Scenario_Data!G2:G1001,1-B7) -> 2517271 | D7: =-PERCENTILE(Scenario_Data!H2:H1001,1-B7) -> 7.85193 | E7: =-AVERAGEIF(Scenario_Data!G2:G1001,"<="&(-C7),Scenario_Data!G2:G1001) -> 2999457.1 | F7: =-AVERAGEIF(Scenario_Data!H2:H1001,"<="&(-D7),Scenario_Data!H2:H1001) -> 9.35595
B10: Distribution Stats
B11: Mean P&L (INR) | C11: =AVERAGE(Scenario_Data!G2:G1001) -> 84166.302
B12: Std Dev P&L (INR) | C12: =STDEV(Scenario_Data!G2:G1001) -> 1293117.2
B13: Min P&L (INR) | C13: =MIN(Scenario_Data!G2:G1001) -> -3399503.9
B14: Max P&L (INR) | C14: =MAX(Scenario_Data!G2:G1001) -> 5948564.1
B15: Skewness | C15: =SKEW(Scenario_Data!G2:G1001) -> 0.31418464
B16: Kurtosis | C16: =KURT(Scenario_Data!G2:G1001) -> 0.26633514

Sheet Sector_Exposure
B2: Sector & Credit Rating Concentration
B4: Sector | C4: Market Value (INR) | D4: Weight (%) | E4: Wtd Avg Duration | F4: Wtd Avg OAS (bps)
B5: Banking | C5: =SUMIFS(Bond_Data!AF2:AF301,Bond_Data!D2:D301,B5) -> 1768793.1 | D5: =C5/SUM(Bond_Data!AF2:AF301)*100 -> 5.5172463 | E5: =SUMPRODUCT((Bond_Data!D2:D301=B5)*Bond_Data!AF2:AF301,Bond_Data!U2:U301)/SUMIFS(Bond_Data!AF2:AF301,Bond_Data!D2:D301,B5) -> 2.6966185 | F5: =SUMPRODUCT((Bond_Data!D2:D301=B5)*Bond_Data!AF2:AF301,Bond_Data!AA2:AA301)/SUMIFS(Bond_Data!AF2:AF301,Bond_Data!D2:D301,B5) -> 50.657418
B6: Energy | C6: =SUMIFS(Bond_Data!AF2:AF301,Bond_Data!D2:D301,B6) -> 1025789.7 | D6: =C6/SUM(Bond_Data!AF2:AF301)*100 -> 3.1996588 | E6: =SUMPRODUCT((Bond_Data!D2:D301=B6)*Bond_Data!AF2:AF301,Bond_Data!U2:U301)/SUMIFS(Bond_Data!AF2:AF301,Bond_Data!D2:D301,B6) -> 2.0895798 | F6: =SUMPRODUCT((Bond_Data!D2:D301=B6)*Bond_Data!AF2:AF301,Bond_Data!AA2:AA301)/SUMIFS(Bond_Data!AF2:AF301,Bond_Data!D2:D301,B6) -> 186.82729
B7: Government | C7: =SUMIFS(Bond_Data!AF2:AF301,Bond_Data!D2:D301,B7) -> 18452107 | D7: =C7/SUM(Bond_Data!AF2:AF301)*100 -> 57.556094 | E7: =SUMPRODUCT((Bond_Data!D2:D301=B7)*Bond_Data!AF2:AF301,Bond_Data!U2:U301)/SUMIFS(Bond_Data!AF2:AF301,Bond_Data!D2:D301,B7) -> 6.0175531 | F7: =SUMPRODUCT((Bond_Data!D2:D301=B7)*Bond_Data!AF2:AF301,Bond_Data!AA2:AA301)/SUMIFS(Bond_Data!AF2:AF301,Bond_Data!D2:D301,B7) -> 0
B8: Infrastructure | C8: =SUMIFS(Bond_Data!AF2:AF301,Bond_Data!D2:D301,B8) -> 2785416 | D8: =C8/SUM(Bond_Data!AF2:AF301)*100 -> 8.688312 | E8: =SUMPRODUCT((Bond_Data!D2:D301=B8)*Bond_Data!AF2:AF301,Bond_Data!U2:U301)/SUMIFS(Bond_Data!AF2:AF301,Bond_Data!D2:D301,B8) -> 1.4940021 | F8: =SUMPRODUCT((Bond_Data!D2:D301=B8)*Bond_Data!AF2:AF301,Bond_Data!AA2:AA301)/SUMIFS(Bond_Data!AF2:AF301,Bond_Data!D2:D301,B8) -> 101.9379
B9: NBFC | C9: =SUMIFS(Bond_Data!AF2:AF301,Bond_Data!D2:D301,B9) -> 7208368 | D9: =C9/SUM(Bond_Data!AF2:AF301)*100 -> 22.484451 | E9: =SUMPRODUCT((Bond_Data!D2:D301=B9)*Bond_Data!AF2:AF301,Bond_Data!U2:U301)/SUMIFS(Bond_Data!AF2:AF301,Bond_Data!D2:D301,B9) -> 1.5122885 | F9: =SUMPRODUCT((Bond_Data!D2:D301=B9)*Bond_Data!AF2:AF301,Bond_Data!AA2:AA301)/SUMIFS(Bond_Data!AF2:AF301,Bond_Data!D2:D301,B9) -> 81.978016
B10: Steel | C10: =SUMIFS(Bond_Data!AF2:AF301,Bond_Data!D2:D301,B10) -> 818872.05 | D10: =C10/SUM(Bond_Data!AF2:AF301)*100 -> 2.5542382 | E10: =SUMPRODUCT((Bond_Data!D2:D301=B10)*Bond_Data!AF2:AF301,Bond_Data!U2:U301)/SUMIFS(Bond_Data!AF2:AF301,Bond_Data!D2:D301,B10) -> 2.1214672 | F10: =SUMPRODUCT((Bond_Data!D2:D301=B10)*Bond_Data!AF2:AF301,Bond_Data!AA2:AA301)/SUMIFS(Bond_Data!AF2:AF301,Bond_Data!D2:D301,B10) -> 208.98971

Sheet PowerBI_DAX_Measures
B2: Power BI Data Model — DAX Measures Reference
B3: Copy these measures into a Power BI model built on Bond_Data and Scenario_Data tables.
B5: Total Market Value
B6: Total MV = SUM(Bond_Data[MarketValue_INR])
B8: Portfolio Modified Duration
B9: Port Modified Duration = SUMX(Bond_Data, Bond_Data[MarketValue_INR] * Bond_Data[ModifiedDuration]) / [Total MV]
B11: Portfolio Convexity
B12: Port Convexity = SUMX(Bond_Data, Bond_Data[MarketValue_INR] * Bond_Data[Convexity]) / [Total MV]
B14: Portfolio DV01
B15: Port DV01 = SUMX(Bond_Data, Bond_Data[DV01_Per100Face] * Bond_Data[Quantity] / 100)
B17: Weighted YTM
B18: Wtd YTM = SUMX(Bond_Data, Bond_Data[MarketValue_INR] * Bond_Data[YieldToMaturity]) / [Total MV]
... B47: 5. What-If Rate Shift Simulator — 'Rate Shift' disconnected table + slicer driving Est PnL INR measure
